ad_id,reporting_date,campaign_id,age,gender,interest1,interest2,interest3,impressions,clicks,spent,total_conversion,approved_conversion
708746,17/08/2017,916,30-34,M,15,17,17,7350.0,1,1.429999948,2.0,1.0
708749,17/08/2017,916,30-34,M,16,19,21,17861.0,2,1.820000023,2.0,0.0
708815,30/08/2017,916,30-34,M,28,32,32,4259.0,1,1.25,1.0,0.0
708818,17/08/2017,916,30-34,M,28,33,32,4133.0,1,1.289999962,1.0,1.0
708889,17/08/2017,916,30-34,M,15,16,17,15615.0,3,4.769999981,1.0,0.0
708895,17/08/2017,916,30-34,M,16,20,18,10951.0,1,1.269999981,1.0,1.0
708953,17/08/2017,916,30-34,M,27,31,31,2355.0,1,1.5,1.0,0.0
708958,30/08/2017,916,30-34,M,28,32,31,9502.0,3,3.159999967,1.0,0.0
709059,30/08/2017,916,30-34,M,20,26,23,14669.0,7,10.28000021,1.0,1.0
709115,30/08/2017,916,30-34,M,30,34,31,2305.0,1,0.569999993,1.0,0.0
709179,30/08/2017,916,35-39,M,15,16,17,4627.0,1,1.690000057,1.0,0.0
709183,30/08/2017,916,35-39,M,16,20,22,21026.0,4,4.630000114,2.0,1.0
709323,17/08/2017,916,35-39,M,15,17,19,7132.0,2,2.609999895,1.0,0.0
709326,18/08/2017,916,35-39,M,16,22,22,12190.0,2,3.049999952,1.0,0.0
709327,18/08/2017,916,35-39,M,16,22,20,12193.0,2,3.059999943,1.0,1.0
709544,18/08/2017,916,35-39,M,29,33,32,7440.0,2,2.980000019,1.0,1.0
709614,19/08/2017,916,40-44,M,16,19,20,19113.0,4,5.5200001,1.0,0.0
709756,19/08/2017,916,40-44,M,16,21,21,10976.0,2,1.690000057,1.0,1.0
709901,18/08/2017,916,40-44,M,16,18,20,23817.0,7,8.470000148,1.0,1.0
710045,17/08/2017,916,45-49,M,16,22,17,47224.0,12,15.82000017,1.0,0.0
710088,17/08/2017,916,45-49,M,24,26,27,2283.0,1,1.470000029,1.0,0.0
710360,17/08/2017,916,45-49,M,21,26,24,2182.0,1,1.529999971,1.0,1.0
710480,17/08/2017,916,30-34,F,16,21,20,57665.0,14,18.06999969,1.0,1.0
710571,18/08/2017,916,30-34,F,32,37,38,3091.0,1,1.610000014,1.0,1.0
710617,18/08/2017,916,30-34,F,15,19,16,5014.0,1,1.190000057,1.0,0.0
710623,18/08/2017,916,30-34,F,16,19,20,38726.0,7,9.220000267,1.0,0.0
710763,29/08/2017,916,30-34,F,15,19,17,5369.0,1,1.50999999,1.0,0.0
710836,27/08/2017,916,30-34,F,29,33,31,22221.0,7,9.430000067,1.0,1.0
710880,26/08/2017,916,30-34,F,65,70,68,13019.0,5,6.960000038,1.0,0.0
710961,27/08/2017,916,35-39,F,25,29,26,2508.0,1,1.220000029,1.0,0.0
710968,27/08/2017,916,35-39,F,27,31,29,5864.0,2,2.799999952,1.0,1.0
711217,27/08/2017,916,35-39,F,20,26,23,2783.0,1,1.600000024,1.0,0.0
711623,27/08/2017,916,40-44,F,15,18,20,3812.0,1,1.129999995,2.0,1.0
711764,27/08/2017,916,45-49,F,10,16,11,11199.0,4,5.730000019,1.0,1.0
711877,26/08/2017,916,45-49,F,63,67,65,17572.0,7,9.379999995,1.0,0.0
734210,25/08/2017,936,30-34,M,10,16,13,13329.0,4,5.629999995,1.0,1.0
734215,26/08/2017,936,30-34,M,15,19,17,13659.0,3,3.840000033,1.0,0.0
734290,26/08/2017,936,30-34,M,29,32,35,5374.0,1,1.039999962,4.0,0.0
734352,27/08/2017,936,35-39,M,10,11,16,4423.0,1,1.460000038,1.0,1.0
734361,29/08/2017,936,35-39,M,16,19,19,12382.0,2,2.839999914,1.0,1.0
734381,29/08/2017,936,35-39,M,20,25,24,2938.0,1,1.350000024,1.0,1.0
734421,29/08/2017,936,35-39,M,27,29,32,10332.0,4,5.75,1.0,0.0
734427,29/08/2017,936,35-39,M,28,29,31,8259.0,3,3.980000019,1.0,0.0
734433,29/08/2017,936,35-39,M,29,35,31,12158.0,3,4.449999928,1.0,0.0
734582,29/08/2017,936,40-44,M,29,33,33,7709.0,2,1.320000052,2.0,0.0
734726,28/08/2017,936,45-49,M,29,30,35,10466.0,3,4.090000033,1.0,0.0
734785,28/08/2017,936,30-34,F,10,13,13,5576.0,1,1.529999971,1.0,1.0
734796,28/08/2017,936,30-34,F,16,22,17,39337.0,7,10.03000009,1.0,1.0
734852,28/08/2017,936,30-34,F,26,30,29,13479.0,3,4.25,1.0,0.0
734854,19/08/2017,936,30-34,F,27,33,32,57022.0,13,20.29000032,3.0,3.0
734856,19/08/2017,936,30-34,F,27,28,32,5453.0,1,1.389999986,1.0,1.0
734866,20/08/2017,936,30-34,F,29,32,31,11803.0,3,4.440000057,1.0,0.0
734881,20/08/2017,936,30-34,F,31,32,34,4259.0,1,1.570000052,1.0,1.0
734903,20/08/2017,936,30-34,F,64,69,67,5323.0,1,1.289999962,1.0,1.0
734925,20/08/2017,936,35-39,F,10,11,12,5024.0,1,1.409999967,1.0,1.0
734939,20/08/2017,936,35-39,F,16,19,22,104648.0,24,33.33000004,4.0,2.0
734968,20/08/2017,936,35-39,F,22,25,27,8504.0,3,3.340000093,1.0,1.0
734999,20/08/2017,936,35-39,F,27,32,32,20277.0,6,8.050000072,1.0,0.0
735014,19/08/2017,936,35-39,F,29,34,30,12403.0,4,5.210000038,1.0,1.0
735140,19/08/2017,936,40-44,F,26,27,31,6907.0,2,2.349999964,1.0,0.0
735143,19/08/2017,936,40-44,F,27,28,30,39035.0,13,19.32999957,1.0,0.0
735184,19/08/2017,936,40-44,F,63,66,67,4412.0,1,1.450000048,1.0,0.0
735189,21/08/2017,936,40-44,F,64,65,66,9965.0,3,4.050000072,1.0,0.0
735213,21/08/2017,936,45-49,F,10,16,11,73634.0,23,32.97999978,1.0,0.0
735220,18/08/2017,936,45-49,F,15,17,17,69708.0,20,31.28999949,1.0,0.0
735247,18/08/2017,936,45-49,F,20,24,25,14257.0,6,8.789999962,1.0,0.0
735289,18/08/2017,936,45-49,F,27,30,30,20362.0,5,9.119999886,1.0,1.0
735290,18/08/2017,936,45-49,F,27,29,33,12215.0,4,6.26000011,1.0,0.0
735298,18/08/2017,936,45-49,F,29,31,32,85412.0,28,38.63999999,2.0,1.0
736869,18/08/2017,936,30-34,M,2,6,8,2338.0,1,0.239999995,1.0,0.0
736988,21/08/2017,936,30-34,M,28,29,29,3891.0,1,1.090000033,1.0,0.0
737130,21/08/2017,936,35-39,M,16,19,18,11199.0,2,2.680000067,1.0,0.0
737320,18/08/2017,936,35-39,M,63,64,66,5676.0,2,3.00999999,1.0,0.0
737524,21/08/2017,936,40-44,M,30,34,33,2148.0,1,1.580000043,1.0,1.0
737644,21/08/2017,936,45-49,M,16,22,17,45401.0,10,14.06000042,1.0,0.0
737657,18/08/2017,936,45-49,M,18,23,20,7478.0,2,2.900000095,1.0,1.0
737658,18/08/2017,936,45-49,M,18,19,24,4919.0,1,1.590000033,1.0,0.0
737896,20/08/2017,936,30-34,F,16,21,22,17553.0,3,4.590000153,1.0,0.0
737931,20/08/2017,936,30-34,F,20,26,24,3343.0,1,0.540000021,1.0,0.0
738006,20/08/2017,936,30-34,F,27,29,32,34740.0,7,13.41000009,1.0,1.0
738307,20/08/2017,936,35-39,F,31,36,36,3010.0,1,0.860000014,1.0,1.0
738389,19/08/2017,936,40-44,F,10,16,12,27081.0,9,10.77000046,1.0,1.0
738408,19/08/2017,936,40-44,F,16,22,22,20233.0,4,5.590000153,3.0,0.0
738413,19/08/2017,936,40-44,F,16,17,19,147159.0,36,58.16000044,3.0,1.0
738423,19/08/2017,936,40-44,F,18,20,24,21664.0,7,10.61999977,1.0,1.0
738436,19/08/2017,936,40-44,F,19,21,20,9112.0,4,5.460000038,1.0,1.0
738582,19/08/2017,936,45-49,F,10,16,12,46150.0,15,20.17999983,1.0,1.0
738592,20/08/2017,936,45-49,F,16,22,20,493821.0,116,176.3799977,4.0,1.0
738593,20/08/2017,936,45-49,F,16,17,21,92011.0,27,34.39000046,2.0,1.0
738598,21/08/2017,936,45-49,F,18,23,24,12956.0,4,5.49000001,1.0,1.0
738637,21/08/2017,936,45-49,F,24,26,30,944.0,1,1.419999957,1.0,0.0
738648,18/08/2017,936,45-49,F,26,30,27,111090.0,38,51.97000027,5.0,1.0
747212,18/08/2017,936,30-34,M,10,16,14,7208.0,2,3.190000057,1.0,0.0
747222,18/08/2017,936,30-34,M,16,22,20,12489.0,2,1.960000038,1.0,0.0
747223,18/08/2017,936,30-34,M,16,18,18,8032.0,1,0.600000024,2.0,0.0
747362,21/08/2017,936,35-39,M,15,16,18,4607.0,1,1.149999976,1.0,1.0
747369,21/08/2017,936,35-39,M,16,17,21,13355.0,2,3.180000067,1.0,1.0
747401,21/08/2017,936,35-39,M,22,25,25,2793.0,1,0.980000019,1.0,1.0
747489,21/08/2017,936,40-44,M,2,7,6,4016.0,2,1.480000049,1.0,1.0
747514,21/08/2017,936,40-44,M,16,20,17,14843.0,3,2.939999938,1.0,1.0
747645,21/08/2017,936,45-49,M,10,14,13,9674.0,3,4.600000024,1.0,1.0
747659,25/08/2017,936,45-49,M,16,21,17,12186.0,2,2.669999957,1.0,0.0
747791,25/08/2017,936,30-34,F,10,14,13,31393.0,8,10.96000051,1.0,1.0
747795,25/08/2017,936,30-34,F,15,21,18,8410.0,2,2.359999895,1.0,1.0
747798,25/08/2017,936,30-34,F,16,21,20,25884.0,5,7.350000143,1.0,0.0
747828,25/08/2017,936,30-34,F,22,24,24,28488.0,10,9.340000033,1.0,0.0
747852,24/08/2017,936,30-34,F,26,32,32,10126.0,3,4.619999886,1.0,0.0
747859,24/08/2017,936,30-34,F,27,32,33,22572.0,5,8.5,1.0,0.0
747991,24/08/2017,936,35-39,F,25,31,27,4868.0,2,2.420000076,1.0,0.0
748000,24/08/2017,936,35-39,F,26,27,32,6585.0,2,2.950000048,1.0,0.0
748007,24/08/2017,936,35-39,F,27,29,28,10164.0,2,3.720000029,1.0,1.0
748014,24/08/2017,936,35-39,F,29,31,35,11182.0,4,4.449999809,1.0,0.0
748086,25/08/2017,936,40-44,F,16,19,18,34127.0,8,13.07000017,1.0,0.0
748087,26/08/2017,936,40-44,F,16,22,19,29466.0,7,10.84999967,2.0,0.0
748089,26/08/2017,936,40-44,F,16,18,21,38759.0,9,10.84999967,1.0,0.0
748091,26/08/2017,936,40-44,F,16,17,19,41720.0,10,12.06000006,1.0,1.0
748225,26/08/2017,936,45-49,F,15,16,17,18602.0,5,8.860000134,1.0,0.0
748230,26/08/2017,936,45-49,F,16,17,20,83929.0,21,27.72999954,4.0,1.0
748231,27/08/2017,936,45-49,F,16,18,21,25194.0,6,7.349999905,1.0,0.0
748233,27/08/2017,936,45-49,F,16,22,18,78627.0,19,26.53000045,1.0,0.0
748235,26/08/2017,936,45-49,F,16,18,19,102695.0,25,39.42999983,3.0,0.0
748294,26/08/2017,936,45-49,F,27,32,31,82827.0,24,47.93000031,3.0,0.0
748295,26/08/2017,936,45-49,F,27,31,32,9240.0,3,6.039999962,1.0,0.0
748303,25/08/2017,936,45-49,F,29,32,33,7706.0,2,2.369999886,1.0,0.0
748314,25/08/2017,936,45-49,F,31,34,32,7821.0,4,6.340000153,1.0,1.0
776322,25/08/2017,936,45-49,F,16,21,20,119063.0,34,53.21999949,1.0,0.0
776323,26/08/2017,936,45-49,F,16,17,18,99078.0,23,35.79999948,2.0,0.0
776325,26/08/2017,936,45-49,F,16,19,20,452398.0,114,180.2200012,1.0,0.0
776334,26/08/2017,936,45-49,F,10,12,16,191223.0,48,76.41000056,1.0,0.0
776336,26/08/2017,936,45-49,F,10,15,14,22216.0,6,9.549999952,1.0,0.0
776338,23/08/2017,936,45-49,F,10,12,11,48291.0,11,18.01999998,1.0,0.0
776353,23/08/2017,936,40-44,F,63,66,67,27559.0,8,13.37,1.0,0.0
776373,21/08/2017,936,45-49,F,25,27,27,10194.0,4,4.590000033,2.0,1.0
776405,21/08/2017,936,45-49,F,21,25,22,40126.0,16,25.86000001,1.0,0.0
776416,21/08/2017,936,45-49,F,19,22,20,3659.0,1,0.49000001,1.0,1.0
776464,22/08/2017,936,45-49,F,29,30,31,7550.0,1,1.679999948,1.0,1.0
776469,22/08/2017,936,45-49,F,28,33,29,45397.0,15,25.41999936,1.0,1.0
776473,22/08/2017,936,30-34,M,16,22,22,23086.0,2,3.310000062,1.0,1.0
776475,21/08/2017,936,30-34,M,16,21,20,16425.0,1,1.549999952,1.0,0.0
776476,21/08/2017,936,30-34,M,16,17,18,43756.0,5,5.439999938,0.0,0.0
776489,21/08/2017,936,45-49,F,26,31,28,175389.0,55,81.60999787,1.0,0.0
776515,21/08/2017,936,45-49,F,65,68,68,12706.0,3,4.98999989,1.0,1.0
776519,21/08/2017,936,45-49,F,65,71,67,70702.0,20,31.7099998,1.0,0.0
776533,21/08/2017,936,45-49,F,63,64,68,63927.0,16,25.52000046,2.0,0.0
776534,21/08/2017,936,45-49,F,63,69,67,15105.0,3,4.25999999,1.0,0.0
776538,21/08/2017,936,30-34,F,15,16,19,8774.0,1,1.830000043,1.0,0.0
776551,21/08/2017,936,30-34,F,16,18,22,14459.0,1,1.389999986,1.0,0.0
776552,22/08/2017,936,30-34,F,16,17,18,21596.0,2,2.809999943,1.0,0.0
776553,22/08/2017,936,30-34,F,16,21,17,66765.0,8,11.04999971,1.0,0.0
776579,23/08/2017,936,30-34,F,10,13,14,26910.0,5,7.229999781,1.0,0.0
776615,23/08/2017,936,45-49,M,63,66,68,11988.0,3,4.269999862,1.0,0.0
776623,23/08/2017,936,45-49,M,64,69,65,19353.0,6,9.4799999,1.0,1.0
776631,23/08/2017,936,40-44,M,29,35,33,10960.0,2,2.890000105,1.0,0.0
776643,23/08/2017,936,30-34,M,15,18,18,33491.0,6,10.56999969,2.0,1.0
776644,23/08/2017,936,30-34,M,15,21,20,20083.0,2,3.200000048,2.0,1.0
776661,23/08/2017,936,30-34,M,16,18,22,15466.0,1,0.970000029,1.0,0.0
776662,22/08/2017,936,30-34,M,16,18,22,27072.0,3,4.370000005,1.0,0.0
776663,22/08/2017,936,30-34,M,16,19,22,15753.0,1,0.569999993,1.0,1.0
776668,22/08/2017,936,40-44,M,19,21,24,3523.0,1,1.809999943,1.0,1.0
776686,22/08/2017,936,40-44,M,16,17,21,18709.0,2,3.319999933,1.0,0.0
776696,22/08/2017,936,30-34,M,10,11,12,7966.0,1,1.179999948,1.0,1.0
776698,22/08/2017,936,30-34,M,10,14,16,12785.0,3,4.730000019,2.0,1.0
776699,27/08/2017,936,30-34,M,10,16,16,8213.0,1,1.379999995,1.0,1.0
776725,22/08/2017,936,40-44,M,23,26,27,2479.0,1,1.25999999,1.0,0.0
776780,22/08/2017,936,40-44,M,2,4,3,3812.0,2,3.049999952,1.0,0.0
776799,22/08/2017,936,45-49,M,20,22,26,10257.0,3,3.579999924,1.0,1.0
776817,22/08/2017,936,40-44,M,10,14,16,12356.0,4,6.279999971,1.0,0.0
776825,23/08/2017,936,45-49,M,18,23,20,7410.0,1,1.210000038,1.0,0.0
776829,23/08/2017,936,45-49,M,16,20,19,140098.0,28,46.63000011,1.0,0.0
776831,22/08/2017,936,45-49,M,16,18,20,107021.0,20,34.44000012,1.0,0.0
776840,22/08/2017,936,35-39,M,36,38,40,2797.0,1,1.289999962,1.0,0.0
776861,22/08/2017,936,45-49,M,7,9,12,16461.0,6,9.21999979,1.0,0.0
776892,30/08/2017,936,40-44,M,63,66,69,17488.0,5,7.719999909,1.0,0.0
776928,30/08/2017,936,35-39,M,10,11,15,9750.0,2,1.5,1.0,1.0
777105,30/08/2017,936,45-49,M,63,67,67,4333.0,1,0.180000007,1.0,1.0
777187,30/08/2017,936,40-44,M,27,31,28,11292.0,3,5.389999866,1.0,1.0
777198,30/08/2017,936,30-34,M,64,70,69,12729.0,4,5.779999852,1.0,0.0
777235,24/08/2017,936,30-34,M,65,66,67,2883.0,1,0.99000001,1.0,1.0
777248,24/08/2017,936,30-34,F,7,9,10,3989.0,1,1.279999971,1.0,0.0
777261,24/08/2017,936,40-44,M,29,31,34,19603.0,4,5.279999971,1.0,1.0
777382,25/08/2017,936,40-44,M,24,26,27,3047.0,1,1.379999995,1.0,0.0
777398,25/08/2017,936,35-39,M,24,27,30,3029.0,1,1.049999952,1.0,1.0
777410,25/08/2017,936,45-49,M,26,29,28,3490.0,1,1.340000033,1.0,1.0
777495,25/08/2017,936,40-44,M,19,25,25,19581.0,7,10.42999983,2.0,0.0
777519,24/08/2017,936,45-49,M,29,34,32,19537.0,5,6.099999905,1.0,0.0
777625,24/08/2017,936,45-49,M,16,17,19,59433.0,12,19.65999949,3.0,0.0
777627,23/08/2017,936,45-49,M,16,17,19,157534.0,33,56.19000077,2.0,0.0
777670,23/08/2017,936,40-44,M,16,19,19,23769.0,4,6.029999852,1.0,0.0
777742,23/08/2017,936,35-39,M,64,69,68,4726.0,1,1.830000043,1.0,1.0
777758,24/08/2017,936,30-34,M,19,20,20,5209.0,1,0.959999979,2.0,0.0
777794,24/08/2017,936,30-34,M,18,23,24,13473.0,3,2.619999945,3.0,0.0
777871,23/08/2017,936,30-34,M,20,26,23,4616.0,1,1.360000014,1.0,0.0
778037,28/08/2017,936,35-39,M,27,29,28,14615.0,4,6.050000191,1.0,0.0
778048,28/08/2017,936,30-34,M,27,28,29,56615.0,12,19.88000035,2.0,0.0
778085,28/08/2017,936,30-34,M,26,32,31,11735.0,3,4.529999971,1.0,1.0
778087,28/08/2017,936,30-34,M,26,30,32,15910.0,5,6.779999852,1.0,0.0
778112,28/08/2017,936,35-39,M,29,33,35,11446.0,2,3.090000033,1.0,1.0
778156,28/08/2017,936,30-34,M,28,32,31,9388.0,2,3.140000105,1.0,0.0
778161,27/08/2017,936,30-34,M,28,31,33,17954.0,6,7.5400002,2.0,1.0
778264,27/08/2017,936,40-44,F,27,31,30,8152.0,1,0.99000001,1.0,0.0
778266,27/08/2017,936,40-44,F,27,32,28,74542.0,19,34.1500001,1.0,0.0
778421,27/08/2017,936,40-44,F,20,21,23,6699.0,2,3.090000033,1.0,0.0
778422,27/08/2017,936,40-44,F,20,25,24,11911.0,4,3.959999919,1.0,0.0
778461,27/08/2017,936,40-44,M,29,35,33,10090.0,2,2.650000095,1.0,1.0
778483,27/08/2017,936,40-44,F,18,24,20,24188.0,5,8.179999828,1.0,0.0
778556,28/08/2017,936,40-44,M,32,35,38,9735.0,4,4.130000114,1.0,1.0
778600,29/08/2017,936,40-44,F,22,23,25,10750.0,4,5.389999866,1.0,0.0
778626,29/08/2017,936,30-34,M,29,33,35,7629.0,1,0.720000029,1.0,1.0
778689,30/08/2017,936,30-34,M,28,32,32,7453.0,1,1.679999948,1.0,1.0
778722,30/08/2017,936,35-39,F,64,70,67,41785.0,14,19.10000038,1.0,0.0
778737,30/08/2017,936,35-39,M,27,32,30,8077.0,2,3.579999924,1.0,1.0
778756,30/08/2017,936,35-39,F,63,65,65,5602.0,1,1.580000043,1.0,0.0
778804,30/08/2017,936,30-34,M,26,29,29,6184.0,2,2.75,1.0,1.0
778964,29/08/2017,936,35-39,F,27,33,28,112460.0,25,41.29000068,1.0,0.0
779106,28/08/2017,936,35-39,F,30,35,36,14670.0,7,9.410000324,1.0,0.0
779438,28/08/2017,936,30-34,F,64,66,69,33144.0,9,13.40999985,1.0,0.0
779453,29/08/2017,936,45-49,M,64,68,70,4397.0,1,0.949999988,1.0,0.0
779573,29/08/2017,936,35-39,F,10,13,16,89527.0,24,32.28999996,1.0,0.0
779609,29/08/2017,936,35-39,F,15,20,18,7116.0,2,1.730000019,1.0,1.0
779622,29/08/2017,936,30-34,F,15,18,17,8613.0,1,0.889999986,2.0,0.0
779631,19/08/2017,936,35-39,F,16,19,18,9730.0,1,1.379999995,1.0,0.0
779644,19/08/2017,936,30-34,F,16,20,20,51816.0,8,10.2299999,2.0,1.0
779645,22/08/2017,936,30-34,F,16,21,20,27289.0,3,4.429999828,1.0,0.0
779715,22/08/2017,936,30-34,F,29,32,33,20409.0,4,3.829999924,1.0,0.0
779716,22/08/2017,936,30-34,F,29,32,34,8044.0,1,1.110000014,1.0,0.0
779738,22/08/2017,936,30-34,F,28,32,33,15645.0,4,5.349999905,1.0,0.0
779789,22/08/2017,936,45-49,M,10,14,13,11611.0,3,3.950000048,1.0,1.0
779824,22/08/2017,936,45-49,M,7,13,9,9375.0,3,4.019999981,1.0,0.0
779871,22/08/2017,936,30-34,F,32,37,34,4402.0,1,1.330000043,1.0,1.0
779918,22/08/2017,936,30-34,F,18,23,24,8469.0,2,3.089999914,1.0,0.0
779922,22/08/2017,936,30-34,F,18,22,24,5823.0,1,1.419999957,1.0,1.0
779979,21/08/2017,936,35-39,M,16,17,21,25817.0,4,6.019999981,1.0,0.0
780104,21/08/2017,936,30-34,F,25,27,26,4971.0,1,1.230000019,1.0,1.0
780318,22/08/2017,936,45-49,F,29,32,31,162341.0,56,77.07999969,3.0,0.0
780323,21/08/2017,936,45-49,F,29,35,34,24542.0,7,9.329999924,1.0,0.0
780498,22/08/2017,936,30-34,F,64,65,68,13621.0,3,4.090000033,1.0,0.0
780511,23/08/2017,936,30-34,F,63,65,66,6175.0,1,1.370000005,2.0,1.0
780653,24/08/2017,936,30-34,F,29,33,35,9076.0,1,1.379999995,1.0,1.0
780655,24/08/2017,936,30-34,F,29,33,34,20941.0,4,5.909999967,1.0,1.0
780760,24/08/2017,936,45-49,F,18,23,22,17167.0,5,6.910000086,1.0,0.0
780797,24/08/2017,936,30-34,F,22,25,25,24491.0,7,9.539999962,1.0,0.0
780799,23/08/2017,936,30-34,F,22,24,26,44699.0,13,17.30000037,2.0,0.0
780821,23/08/2017,936,30-34,F,23,24,25,6469.0,2,1.309999943,1.0,0.0
780830,23/08/2017,936,45-49,F,16,17,17,16053.0,3,4.079999924,1.0,1.0
780835,23/08/2017,936,45-49,F,16,21,21,54724.0,12,17.92999995,1.0,1.0
780867,23/08/2017,936,30-34,F,21,27,26,4706.0,1,1.220000029,1.0,0.0
780974,23/08/2017,936,40-44,F,32,38,36,8316.0,3,4.569999933,1.0,1.0
781066,23/08/2017,936,40-44,F,22,26,25,5794.0,2,2.269999981,1.0,0.0
781114,23/08/2017,936,40-44,F,18,24,22,4813.0,1,1.029999971,1.0,0.0
781159,23/08/2017,936,40-44,F,10,15,11,85285.0,26,36.13000035,1.0,0.0
781162,21/08/2017,936,40-44,F,10,11,13,5839.0,1,1.370000005,1.0,0.0
781175,21/08/2017,936,40-44,F,15,16,21,5859.0,1,1.539999962,1.0,0.0
781187,18/08/2017,936,40-44,F,16,22,19,164118.0,41,59.06999993,1.0,0.0
781195,18/08/2017,936,35-39,F,63,67,69,18234.0,6,7.810000062,1.0,0.0
781303,19/08/2017,936,35-39,F,27,29,30,73676.0,20,28.5,1.0,0.0
781305,19/08/2017,936,35-39,F,27,30,28,18421.0,7,10.07999992,1.0,0.0
781327,19/08/2017,936,35-39,F,29,35,35,164754.0,49,67.97999978,2.0,1.0
781353,19/08/2017,936,35-39,F,10,13,15,7449.0,1,1.639999986,1.0,1.0
781354,19/08/2017,936,35-39,F,10,14,16,6424.0,1,0.529999971,1.0,0.0
781499,18/08/2017,936,35-39,M,15,21,20,6412.0,1,1.370000005,1.0,0.0
781508,24/08/2017,936,30-34,F,63,68,64,5040.0,1,1.440000057,1.0,0.0
781606,18/08/2017,936,35-39,M,20,21,24,8200.0,3,3.919999957,1.0,0.0
781690,18/08/2017,936,45-49,F,26,28,30,115896.0,38,49.44000006,1.0,0.0
781811,18/08/2017,936,35-39,F,16,17,22,10186.0,1,1.230000019,1.0,1.0
781857,18/08/2017,936,30-34,M,20,21,24,9134.0,3,4.180000067,2.0,0.0
781858,18/08/2017,936,30-34,M,20,25,22,3385.0,1,1.440000057,1.0,1.0
781929,20/08/2017,936,30-34,M,18,21,21,6142.0,1,1.330000043,1.0,0.0
781999,20/08/2017,936,30-34,M,24,30,29,9142.0,3,3.749999881,1.0,0.0
782001,20/08/2017,936,30-34,M,24,30,28,5475.0,2,2.730000019,1.0,1.0
782022,20/08/2017,936,30-34,F,18,24,20,8254.0,2,2.320000052,1.0,1.0
782026,21/08/2017,936,30-34,F,18,24,20,5704.0,1,1.320000052,1.0,0.0
782134,21/08/2017,936,30-34,F,16,19,21,37873.0,5,6.169999957,1.0,1.0
782135,20/08/2017,936,30-34,F,16,20,17,25267.0,4,4.940000057,2.0,1.0
782228,19/08/2017,936,40-44,F,63,64,66,12318.0,5,6.340000153,1.0,1.0
782242,19/08/2017,936,30-34,F,28,34,31,4783.0,1,0.860000014,1.0,0.0
782275,19/08/2017,936,30-34,F,29,31,30,6475.0,1,1.350000024,1.0,0.0
782337,20/08/2017,936,45-49,F,16,18,19,104578.0,29,39.25000095,1.0,1.0
782407,20/08/2017,936,45-49,F,10,12,11,33664.0,11,12.51000035,1.0,0.0
782541,20/08/2017,936,40-44,F,28,29,30,7337.0,3,4.079999924,1.0,0.0
782647,18/08/2017,936,40-44,F,27,33,30,11244.0,3,4.550000191,1.0,0.0
782694,23/08/2017,936,35-39,F,29,31,35,29035.0,7,8.910000086,2.0,2.0
782754,23/08/2017,936,35-39,F,26,31,32,6532.0,1,1.610000014,1.0,0.0
782815,23/08/2017,936,40-44,F,10,16,15,11537.0,3,4.300000191,1.0,0.0
782816,23/08/2017,936,40-44,F,10,13,11,12183.0,3,2.869999945,1.0,0.0
782862,23/08/2017,936,35-39,F,64,70,67,5912.0,1,1.559999943,1.0,1.0
950068,23/08/2017,936,30-34,M,10,12,13,4012.0,1,1.570000052,1.0,0.0
950078,22/08/2017,936,30-34,M,16,22,17,12396.0,2,3.210000038,2.0,1.0
950183,22/08/2017,936,30-34,M,16,22,19,15720.0,1,1.379999995,1.0,0.0
950224,22/08/2017,936,40-44,M,20,21,23,2367.0,2,2.839999914,1.0,1.0
950326,22/08/2017,936,35-39,M,16,19,22,6607.0,1,1.320000052,2.0,0.0
950452,23/08/2017,936,45-49,M,16,22,22,5537.0,1,1.519999981,1.0,0.0
950495,19/08/2017,936,45-49,M,21,25,25,1909.0,1,0.980000019,1.0,0.0
950537,19/08/2017,936,40-44,M,36,41,40,1884.0,1,1.409999967,1.0,0.0
950770,18/08/2017,936,30-34,M,28,31,30,7780.0,3,4.329999924,2.0,2.0
950776,18/08/2017,936,35-39,M,28,29,32,2633.0,1,1.070000052,1.0,0.0
950878,19/08/2017,936,40-44,M,10,11,15,2967.0,1,1.5,1.0,1.0
951033,19/08/2017,936,30-34,F,10,13,13,5517.0,1,1.230000019,1.0,0.0
951046,19/08/2017,936,30-34,F,16,18,17,20050.0,4,4.659999847,4.0,1.0
951105,19/08/2017,936,45-49,M,16,20,21,5894.0,1,1.539999962,1.0,1.0
951133,18/08/2017,936,35-39,M,16,21,19,9948.0,2,2.720000029,2.0,0.0
951202,18/08/2017,936,45-49,F,26,29,28,5307.0,3,4.289999962,2.0,1.0
951225,18/08/2017,936,35-39,F,22,28,28,4621.0,2,3.25,1.0,1.0
951282,18/08/2017,936,35-39,F,16,22,17,5775.0,1,1.580000043,1.0,1.0
951285,19/08/2017,936,35-39,F,16,20,20,9297.0,2,2.619999886,2.0,1.0
951334,18/08/2017,936,30-34,F,64,70,69,3717.0,1,1.539999962,1.0,0.0
951391,19/08/2017,936,30-34,F,28,29,33,2879.0,1,1.590000033,2.0,2.0
951392,20/08/2017,936,30-34,F,28,31,32,2749.0,1,1.389999986,1.0,0.0
951400,21/08/2017,936,45-49,F,10,12,15,24028.0,9,12.39000034,2.0,0.0
951444,21/08/2017,936,30-34,F,25,28,26,2983.0,1,0.970000029,1.0,0.0
951462,21/08/2017,936,45-49,F,16,20,19,7589.0,2,3.150000095,1.0,1.0
951464,21/08/2017,936,45-49,F,16,17,21,20997.0,10,11.94999981,1.0,0.0
951465,21/08/2017,936,45-49,F,16,18,17,4617.0,1,1.360000014,1.0,0.0
951608,20/08/2017,936,40-44,F,10,15,13,3149.0,1,1.480000019,1.0,0.0
951677,20/08/2017,936,35-39,F,27,28,31,2563.0,1,1.480000019,1.0,0.0
951715,20/08/2017,936,45-49,F,64,65,65,10677.0,5,7.269999981,1.0,0.0
951756,20/08/2017,936,35-39,F,22,25,26,2189.0,1,0.409999996,1.0,0.0
951779,20/08/2017,936,45-49,F,27,32,29,3277.0,2,2.680000067,1.0,0.0
951812,29/08/2017,936,35-39,F,16,18,18,16274.0,4,6.079999924,2.0,0.0
951837,29/08/2017,936,45-49,F,20,23,23,2077.0,1,1.50999999,1.0,1.0
951856,25/08/2017,936,30-34,F,20,23,21,4626.0,2,2.099999905,2.0,0.0
951941,25/08/2017,936,30-34,F,28,33,34,2764.0,1,1.559999943,1.0,1.0
952001,25/08/2017,936,45-49,F,10,12,13,5447.0,2,2.960000038,1.0,0.0
952031,25/08/2017,936,40-44,F,16,17,17,28169.0,8,12.36999989,1.0,1.0
1121091,28/08/2017,1178,30-34,M,10,11,15,1194718.0,141,254.049996,28.0,14.0
1121092,28/08/2017,1178,30-34,M,10,12,11,637648.0,67,122.4,13.0,5.0
1121095,28/08/2017,1178,30-34,M,10,16,12,459690.0,50,86.33000112,5.0,2.0
1121096,28/08/2017,1178,30-34,M,10,11,16,750060.0,86,161.9099991,11.0,2.0
1121097,29/08/2017,1178,30-34,M,15,18,18,30068.0,1,1.820000052,1.0,0.0
1121098,29/08/2017,1178,30-34,M,15,18,21,1267550.0,123,236.7699986,24.0,10.0
1121100,29/08/2017,1178,30-34,M,15,20,17,3052003.0,340,639.9499981,60.0,17.0
1121101,28/08/2017,1178,30-34,M,15,17,21,29945.0,1,1.590000033,2.0,1.0
1121102,25/08/2017,1178,30-34,M,15,18,20,357856.0,30,52.97000015,7.0,3.0
1121104,25/08/2017,1178,30-34,M,16,20,20,2080666.0,202,360.1500015,40.0,21.0
1121105,26/08/2017,1178,30-34,M,16,22,19,145999.0,9,16.5200001,5.0,2.0
1121107,26/08/2017,1178,30-34,M,16,17,19,32616.0,1,1.539999962,2.0,0.0
1121108,26/08/2017,1178,30-34,M,16,20,18,984521.0,95,163.8999972,26.0,14.0
1121110,26/08/2017,1178,30-34,M,18,20,22,880814.0,123,210.3600006,6.0,2.0
1121111,26/08/2017,1178,30-34,M,18,19,21,182452.0,20,35.73000026,4.0,1.0
1121113,27/08/2017,1178,30-34,M,18,24,24,894911.0,120,215.8399994,7.0,4.0
1121114,27/08/2017,1178,30-34,M,18,23,23,31349.0,2,3.800000072,1.0,0.0
1121115,26/08/2017,1178,30-34,M,19,21,21,410310.0,55,96.80000055,3.0,0.0
1121116,26/08/2017,1178,30-34,M,19,20,24,572450.0,89,157.329998,7.0,4.0
1121117,26/08/2017,1178,30-34,M,19,24,25,98759.0,15,26.56999946,1.0,1.0
1121119,25/08/2017,1178,30-34,M,19,21,22,345371.0,54,93.08999991,7.0,3.0
1121121,25/08/2017,1178,30-34,M,20,22,25,323899.0,46,78.9200002,5.0,1.0
1121122,25/08/2017,1178,30-34,M,20,21,25,399199.0,58,103.1500002,3.0,0.0
1121123,25/08/2017,1178,30-34,M,20,24,22,171202.0,22,36.53000021,3.0,1.0
1121124,26/08/2017,1178,30-34,M,20,26,24,128386.0,15,28.85000002,2.0,1.0
1121125,26/08/2017,1178,30-34,M,20,26,24,1034284.0,152,257.7099986,20.0,9.0
1121126,26/08/2017,1178,30-34,M,20,21,24,45923.0,5,7.220000148,2.0,0.0
1121127,26/08/2017,1178,30-34,M,21,23,22,40873.0,4,7.899999976,2.0,1.0
1121128,26/08/2017,1178,30-34,M,21,26,22,286553.0,34,62.06000042,2.0,1.0
1121129,28/08/2017,1178,30-34,M,21,25,25,20618.0,1,2.099999905,2.0,1.0
1121131,28/08/2017,1178,30-34,M,21,27,25,83591.0,7,14.14000046,2.0,2.0
1121132,21/08/2017,1178,30-34,M,21,23,27,114923.0,12,23.73000026,4.0,2.0
1121133,21/08/2017,1178,30-34,M,22,25,23,25002.0,1,1.710000038,1.0,0.0
1121134,21/08/2017,1178,30-34,M,22,27,28,68905.0,5,9.440000057,1.0,0.0
1121136,21/08/2017,1178,30-34,M,22,26,26,169588.0,16,27.79999924,1.0,0.0
1121138,21/08/2017,1178,30-34,M,22,26,24,328991.0,35,67.65000057,5.0,2.0
1121141,21/08/2017,1178,30-34,M,23,29,27,23198.0,2,2.980000019,1.0,0.0
1121142,21/08/2017,1178,30-34,M,23,24,27,26890.0,2,3.24000001,1.0,0.0
1121143,21/08/2017,1178,30-34,M,23,28,27,221695.0,31,52.26000011,5.0,2.0
1121152,20/08/2017,1178,30-34,M,24,29,28,88443.0,7,13.0400002,1.0,1.0
1121153,20/08/2017,1178,30-34,M,24,27,30,187856.0,23,38.38999975,5.0,1.0
1121164,19/08/2017,1178,30-34,M,25,31,30,570699.0,80,138.7699997,9.0,2.0
1121167,19/08/2017,1178,30-34,M,25,29,31,1063508.0,145,260.3800013,23.0,7.0
1121168,19/08/2017,1178,30-34,M,25,27,28,50523.0,6,8.549999952,1.0,0.0
1121172,20/08/2017,1178,30-34,M,26,30,28,87935.0,9,15.63000023,1.0,0.0
1121173,20/08/2017,1178,30-34,M,26,31,32,278225.0,33,60.19999957,3.0,0.0
1121175,20/08/2017,1178,30-34,M,26,28,29,209461.0,20,34.19000006,1.0,0.0
1121177,20/08/2017,1178,30-34,M,26,28,29,26316.0,2,3.24000001,3.0,0.0
1121181,20/08/2017,1178,30-34,M,27,32,29,41030.0,3,5.140000105,2.0,1.0
1121182,20/08/2017,1178,30-34,M,27,28,33,876671.0,120,216.5599982,22.0,4.0
1121183,21/08/2017,1178,30-34,M,27,32,29,399392.0,53,93.07000041,5.0,0.0
1121184,22/08/2017,1178,30-34,M,27,31,29,283858.0,30,56.05999923,1.0,0.0
1121185,23/08/2017,1178,30-34,M,27,28,29,260699.0,31,54.09999871,5.0,2.0
1121193,23/08/2017,1178,30-34,M,28,34,29,57781.0,5,7.800000072,2.0,1.0
1121195,23/08/2017,1178,30-34,M,28,34,33,38757.0,3,5.220000029,1.0,0.0
1121196,23/08/2017,1178,30-34,M,28,29,29,1392288.0,206,358.5500029,31.0,7.0
1121197,23/08/2017,1178,30-34,M,28,30,32,1109387.0,159,280.9899995,13.0,2.0
1121202,28/08/2017,1178,30-34,M,29,32,34,581281.0,65,115.1200008,10.0,5.0
1121203,23/08/2017,1178,30-34,M,29,35,33,1048861.0,128,219.770002,22.0,8.0
1121205,23/08/2017,1178,30-34,M,29,32,30,297452.0,30,52.01999986,4.0,1.0
1121206,23/08/2017,1178,30-34,M,29,34,31,227925.0,22,35.30999994,22.0,12.0
1121207,23/08/2017,1178,30-34,M,29,34,31,374175.0,38,63.32000101,8.0,3.0
1121211,23/08/2017,1178,30-34,M,30,32,31,223586.0,32,54.24000037,1.0,0.0
1121213,22/08/2017,1178,30-34,M,30,31,35,283170.0,39,65.22999996,2.0,1.0
1121215,22/08/2017,1178,30-34,M,30,31,34,41636.0,3,4.210000038,1.0,0.0
1121216,22/08/2017,1178,30-34,M,30,32,34,198658.0,30,48.60999978,8.0,1.0
1121220,22/08/2017,1178,30-34,M,31,37,35,100596.0,10,13.91999972,4.0,2.0
1121223,22/08/2017,1178,30-34,M,31,37,35,64020.0,5,11.0599997,1.0,0.0
1121229,22/08/2017,1178,30-34,M,32,36,37,404866.0,43,87.42000079,4.0,0.0
1121231,22/08/2017,1178,30-34,M,32,36,35,22256.0,1,1.659999967,1.0,1.0
1121233,22/08/2017,1178,30-34,M,32,34,36,57690.0,4,6.74000001,1.0,0.0
1121241,27/08/2017,1178,30-34,M,36,40,37,24952.0,5,8.220000267,3.0,2.0
1121242,27/08/2017,1178,30-34,M,36,37,39,38900.0,3,5.580000043,1.0,0.0
1121243,22/08/2017,1178,30-34,M,36,42,42,53520.0,6,9.2299999,1.0,1.0
1121244,22/08/2017,1178,30-34,M,36,41,41,181683.0,20,34.22999972,2.0,1.0
1121245,22/08/2017,1178,30-34,M,36,37,40,29185.0,2,3.149999976,1.0,0.0
1121246,22/08/2017,1178,30-34,M,36,41,38,105047.0,13,20.2099994,3.0,1.0
1121250,22/08/2017,1178,30-34,M,63,67,64,287976.0,31,59.43999982,3.0,2.0
1121251,23/08/2017,1178,30-34,M,63,65,69,212175.0,22,38.58999968,2.0,1.0
1121254,22/08/2017,1178,30-34,M,63,64,65,124005.0,11,21.84999979,4.0,1.0
1121255,22/08/2017,1178,30-34,M,63,64,67,20423.0,1,1.960000038,1.0,0.0
1121261,22/08/2017,1178,30-34,M,64,67,65,103001.0,14,22.32000005,1.0,0.0
1121262,30/08/2017,1178,30-34,M,64,66,67,447420.0,66,110.2399991,7.0,2.0
1121263,30/08/2017,1178,30-34,M,64,66,69,156101.0,19,29.75000048,2.0,2.0
1121264,30/08/2017,1178,30-34,M,64,70,67,93015.0,12,18.47000015,1.0,0.0
1121265,22/08/2017,1178,30-34,M,65,70,68,145398.0,23,36.24000025,1.0,0.0
1121269,22/08/2017,1178,30-34,M,65,67,67,296413.0,50,76.43999958,3.0,1.0
1121274,22/08/2017,1178,30-34,M,2,4,7,63785.0,7,11.80000019,6.0,2.0
1121275,22/08/2017,1178,30-34,M,2,8,3,118522.0,14,26.81999981,2.0,1.0
1121276,22/08/2017,1178,30-34,M,2,5,5,240123.0,38,65.67000115,5.0,4.0
1121277,23/08/2017,1178,30-34,M,7,9,13,169108.0,20,32.24000025,2.0,1.0
1121278,23/08/2017,1178,30-34,M,7,13,10,1044442.0,142,245.5999999,22.0,8.0
1121279,24/08/2017,1178,30-34,M,7,10,13,93891.0,11,17.6400001,5.0,3.0
1121282,24/08/2017,1178,30-34,M,7,11,10,185823.0,25,38.54999936,4.0,1.0
1121284,24/08/2017,1178,30-34,M,66,68,70,175631.0,23,40.75999951,1.0,0.0
1121285,24/08/2017,1178,30-34,M,66,68,70,37187.0,4,6.370000005,1.0,0.0
1121287,24/08/2017,1178,30-34,M,66,69,69,344618.0,51,89.76000047,3.0,1.0
1121289,24/08/2017,1178,35-39,M,10,14,13,98066.0,9,16.1500001,1.0,0.0
1121290,24/08/2017,1178,35-39,M,10,13,12,770749.0,100,189.1299984,13.0,3.0
1121291,24/08/2017,1178,35-39,M,10,16,14,52553.0,5,8.529999852,1.0,0.0
1121292,23/08/2017,1178,35-39,M,10,15,16,362296.0,39,67.77000129,7.0,3.0
1121293,23/08/2017,1178,35-39,M,10,16,13,427729.0,50,96.8999989,4.0,1.0
1121296,23/08/2017,1178,35-39,M,15,17,19,180351.0,21,37.13000011,1.0,1.0
1121297,23/08/2017,1178,35-39,M,15,16,16,187329.0,29,53.15999961,2.0,1.0
1121300,23/08/2017,1178,35-39,M,15,16,17,782894.0,118,192.9299995,5.0,2.0
1121302,23/08/2017,1178,35-39,M,16,17,22,1206533.0,128,236.1199988,17.0,6.0
1121303,23/08/2017,1178,35-39,M,16,19,21,84494.0,7,12.57000017,2.0,0.0
1121304,23/08/2017,1178,35-39,M,16,17,20,94257.0,7,12.5800004,1.0,1.0
1121309,23/08/2017,1178,35-39,M,18,24,20,131060.0,16,28.04999959,2.0,1.0
1121310,23/08/2017,1178,35-39,M,18,21,19,341603.0,50,83.48000121,4.0,2.0
1121311,30/08/2017,1178,35-39,M,18,20,24,140749.0,19,30.4799999,1.0,1.0
1121312,30/08/2017,1178,35-39,M,18,19,21,102525.0,13,20.29999983,2.0,1.0
1121316,28/08/2017,1178,35-39,M,19,23,23,447952.0,68,131.5799983,8.0,1.0
1121317,28/08/2017,1178,35-39,M,19,25,23,76355.0,9,14.62999988,2.0,0.0
1121319,28/08/2017,1178,35-39,M,20,26,26,256598.0,38,64.46999931,6.0,1.0
1121321,28/08/2017,1178,35-39,M,20,21,21,127476.0,21,30.15000057,3.0,2.0
1121322,28/08/2017,1178,35-39,M,20,22,24,237603.0,37,62.25000024,5.0,2.0
1121327,28/08/2017,1178,35-39,M,21,22,22,271091.0,42,78.03999984,3.0,1.0
1121330,28/08/2017,1178,35-39,M,21,23,22,21743.0,2,3.400000095,1.0,0.0
1121333,28/08/2017,1178,35-39,M,22,25,25,88970.0,10,14.8300004,2.0,0.0
1121334,28/08/2017,1178,35-39,M,22,24,26,108362.0,13,22.42999983,1.0,1.0
1121335,28/08/2017,1178,35-39,M,22,25,23,188596.0,27,44.14000034,3.0,0.0
1121336,27/08/2017,1178,35-39,M,22,24,24,275080.0,43,69.65999997,4.0,3.0
1121337,27/08/2017,1178,35-39,M,23,28,28,64647.0,10,16.26999998,1.0,0.0
1121338,27/08/2017,1178,35-39,M,23,27,24,31265.0,4,5.789999902,1.0,0.0
1121340,27/08/2017,1178,35-39,M,23,27,28,140147.0,24,42.08000016,2.0,0.0
1121341,27/08/2017,1178,35-39,M,23,26,27,223120.0,40,67.66999984,1.0,0.0
1121342,28/08/2017,1178,35-39,M,23,29,27,104869.0,18,34.07000089,1.0,0.0
1121344,28/08/2017,1178,35-39,M,24,27,27,165177.0,23,41.71999967,4.0,1.0
1121345,27/08/2017,1178,35-39,M,24,29,29,84194.0,11,19.56999981,1.0,0.0
1121347,27/08/2017,1178,35-39,M,24,25,28,220581.0,31,57.37,1.0,1.0
1121350,29/08/2017,1178,35-39,M,25,27,31,75804.0,10,17.36999965,2.0,1.0
1121352,29/08/2017,1178,35-39,M,25,30,29,368986.0,59,100.289999,0.0,0.0
1121353,30/08/2017,1178,35-39,M,25,30,27,28194.0,3,3.709999919,2.0,0.0
1121355,29/08/2017,1178,35-39,M,26,29,27,99961.0,14,23.2099998,1.0,0.0
1121361,30/08/2017,1178,35-39,M,27,28,33,685781.0,103,177.8899992,10.0,1.0
1121364,30/08/2017,1178,35-39,M,27,30,28,274222.0,43,66.7700001,2.0,1.0
1121365,30/08/2017,1178,35-39,M,27,33,31,110503.0,25,32.67999995,4.0,0.0
1121367,30/08/2017,1178,35-39,M,28,31,29,1447755.0,233,420.5799983,11.0,8.0
1121368,30/08/2017,1178,35-39,M,28,33,31,358987.0,52,87.55000067,1.0,0.0
1121369,30/08/2017,1178,35-39,M,28,33,31,826205.0,125,232.3700008,5.0,1.0
1121370,29/08/2017,1178,35-39,M,28,33,32,550954.0,84,150.1400012,3.0,0.0
1121372,29/08/2017,1178,35-39,M,28,34,34,378350.0,55,96.48000073,4.0,0.0
1121373,29/08/2017,1178,35-39,M,29,32,33,492784.0,56,95.5100013,7.0,4.0
1121374,29/08/2017,1178,35-39,M,29,34,35,327158.0,43,72.3100003,6.0,2.0
1121377,29/08/2017,1178,35-39,M,29,34,30,59390.0,5,9.209999919,5.0,3.0
1121378,29/08/2017,1178,35-39,M,29,33,33,1040330.0,147,254.2500038,13.0,2.0
1121379,29/08/2017,1178,35-39,M,30,31,35,49422.0,6,11.17000031,1.0,0.0
1121380,29/08/2017,1178,35-39,M,30,35,32,131091.0,18,34.23000026,3.0,1.0
1121381,29/08/2017,1178,35-39,M,30,31,36,95691.0,15,25.26000011,1.0,1.0
1121390,29/08/2017,1178,35-39,M,31,32,36,15513.0,1,1.289999962,1.0,0.0
1121391,20/08/2017,1178,35-39,M,32,33,33,382537.0,63,113.9900012,4.0,3.0
1121394,20/08/2017,1178,35-39,M,32,37,33,461356.0,64,121.0999982,6.0,3.0
1121395,23/08/2017,1178,35-39,M,32,38,34,392541.0,53,98.70000017,3.0,2.0
1121398,23/08/2017,1178,35-39,M,36,39,38,35088.0,5,8.800000072,1.0,1.0
1121400,23/08/2017,1178,35-39,M,36,38,41,53933.0,6,9.929999948,3.0,1.0
1121403,24/08/2017,1178,35-39,M,63,65,68,228861.0,33,53.38999939,4.0,2.0
1121405,24/08/2017,1178,35-39,M,63,66,69,20959.0,2,3.769999981,1.0,1.0
1121410,24/08/2017,1178,35-39,M,64,68,70,24992.0,2,3.190000057,1.0,0.0
1121411,24/08/2017,1178,35-39,M,64,70,65,100351.0,15,24.17999995,2.0,1.0
1121412,24/08/2017,1178,35-39,M,64,68,70,292448.0,43,76.89999968,2.0,1.0
1121413,23/08/2017,1178,35-39,M,64,67,69,65060.0,7,14.5200001,1.0,1.0
1121414,23/08/2017,1178,35-39,M,64,70,66,133316.0,21,36.17000055,2.0,0.0
1121415,23/08/2017,1178,35-39,M,65,66,71,113501.0,26,38.44000077,5.0,4.0
1121418,23/08/2017,1178,35-39,M,65,71,70,192810.0,41,61.92999995,4.0,3.0
1121421,21/08/2017,1178,35-39,M,2,8,6,233404.0,43,70.4100008,2.0,1.0
1121422,23/08/2017,1178,35-39,M,2,7,7,128843.0,24,37.5999999,2.0,0.0
1121423,23/08/2017,1178,35-39,M,2,5,7,63564.0,12,20.59000027,2.0,0.0
1121425,23/08/2017,1178,35-39,M,2,8,7,85970.0,14,24.78000021,1.0,1.0
1121428,23/08/2017,1178,35-39,M,7,9,13,131232.0,16,29.53999937,1.0,1.0
1121429,23/08/2017,1178,35-39,M,7,13,9,152454.0,22,37.84999979,1.0,1.0
1121430,23/08/2017,1178,35-39,M,7,10,9,28989.0,2,2.290000021,1.0,0.0
1121433,24/08/2017,1178,35-39,M,66,69,72,80248.0,15,24.1900003,1.0,1.0
1121437,24/08/2017,1178,35-39,M,66,68,68,38580.0,5,8.519999981,1.0,0.0
1121439,25/08/2017,1178,40-44,M,10,11,15,621591.0,91,163.36,5.0,1.0
1121440,25/08/2017,1178,40-44,M,10,15,11,250499.0,36,58.14000005,3.0,1.0
1121442,25/08/2017,1178,40-44,M,10,15,14,131637.0,18,29.30999982,2.0,1.0
1121443,25/08/2017,1178,40-44,M,10,12,15,463813.0,69,116.3399996,4.0,2.0
1121444,25/08/2017,1178,40-44,M,10,13,12,211767.0,35,60.89999914,5.0,1.0
1121446,25/08/2017,1178,40-44,M,15,17,17,163181.0,26,40.02000093,1.0,1.0
1121451,25/08/2017,1178,40-44,M,16,20,18,1117385.0,147,260.0699984,11.0,2.0
1121452,25/08/2017,1178,40-44,M,16,21,22,1663441.0,205,359.4700001,17.0,6.0
1121453,25/08/2017,1178,40-44,M,16,18,17,455248.0,54,105.7099996,5.0,2.0
1121454,25/08/2017,1178,40-44,M,16,22,20,75589.0,6,10.66000009,1.0,1.0
1121455,24/08/2017,1178,40-44,M,16,21,22,594267.0,82,143.3000009,3.0,2.0
1121456,24/08/2017,1178,40-44,M,16,22,22,315281.0,35,65.02999854,1.0,0.0
1121464,24/08/2017,1178,40-44,M,19,23,25,363456.0,71,117.5599997,7.0,1.0
1121466,24/08/2017,1178,40-44,M,19,23,25,438983.0,81,143.4300001,3.0,1.0
1121467,24/08/2017,1178,40-44,M,19,20,24,42563.0,5,9.659999847,1.0,1.0
1121469,25/08/2017,1178,40-44,M,20,26,21,399035.0,75,124.7999995,7.0,3.0
1121471,24/08/2017,1178,40-44,M,20,21,26,304680.0,59,98.55000019,3.0,0.0
1121472,24/08/2017,1178,40-44,M,20,21,25,140596.0,23,40.77000022,1.0,0.0
1121473,24/08/2017,1178,40-44,M,20,25,22,439986.0,80,134.8799999,4.0,3.0
1121474,21/08/2017,1178,40-44,M,20,26,26,75803.0,11,19.3599999,2.0,2.0
1121481,19/08/2017,1178,40-44,M,22,27,25,153586.0,28,43.01000035,2.0,0.0
1121482,19/08/2017,1178,40-44,M,22,24,24,180815.0,31,42.62999976,1.0,0.0
1121483,19/08/2017,1178,40-44,M,22,26,23,253169.0,51,75.78999984,1.0,0.0
1121484,19/08/2017,1178,40-44,M,22,28,27,34453.0,5,7.710000038,1.0,1.0
1121487,19/08/2017,1178,40-44,M,23,25,26,51550.0,8,14.03999984,1.0,0.0
1121489,19/08/2017,1178,40-44,M,23,28,24,110018.0,24,39.85999966,1.0,0.0
1121493,19/08/2017,1178,40-44,M,24,28,30,137584.0,21,36.77999961,1.0,0.0
1121497,19/08/2017,1178,40-44,M,24,25,27,209825.0,30,54.86999953,1.0,0.0
1121499,19/08/2017,1178,40-44,M,25,27,31,264222.0,63,87.7899996,1.0,1.0
1121510,19/08/2017,1178,40-44,M,26,30,31,31202.0,5,6.730000019,1.0,0.0
1121511,18/08/2017,1178,40-44,M,27,29,32,252991.0,49,76.83999932,3.0,0.0
1121514,18/08/2017,1178,40-44,M,27,31,30,56265.0,9,15.53999972,1.0,0.0
1121523,18/08/2017,1178,40-44,M,29,32,34,76923.0,11,17.67000008,2.0,2.0
1121524,18/08/2017,1178,40-44,M,29,30,35,209332.0,30,49.60000014,3.0,1.0
1121525,18/08/2017,1178,40-44,M,29,32,33,214094.0,31,53.26999903,1.0,0.0
1121526,19/08/2017,1178,40-44,M,29,35,32,526209.0,85,126.9299996,3.0,2.0
1121527,19/08/2017,1178,40-44,M,29,35,35,741143.0,120,179.620001,4.0,1.0
1121528,19/08/2017,1178,40-44,M,29,33,31,172827.0,25,38.42000043,2.0,0.0
1121530,19/08/2017,1178,40-44,M,30,36,33,188873.0,38,58.5999999,1.0,1.0
1121532,19/08/2017,1178,40-44,M,30,35,32,123126.0,25,39.72999978,2.0,1.0
1121535,20/08/2017,1178,40-44,M,31,33,32,77794.0,14,19.11000001,1.0,1.0
1121541,21/08/2017,1178,40-44,M,32,33,37,56630.0,9,15.81000018,1.0,1.0
1121544,21/08/2017,1178,40-44,M,32,33,36,400844.0,85,140.9700022,4.0,2.0
1121545,20/08/2017,1178,40-44,M,32,33,35,208572.0,36,60.76000023,2.0,1.0
1121548,21/08/2017,1178,40-44,M,36,38,37,59004.0,8,13.51000011,1.0,0.0
1121551,21/08/2017,1178,40-44,M,36,40,39,196253.0,32,55.10000002,1.0,0.0
1121554,21/08/2017,1178,40-44,M,63,64,66,51858.0,8,12.63000011,1.0,1.0
1121557,21/08/2017,1178,40-44,M,63,68,64,280764.0,49,81.36000025,2.0,1.0
1121561,21/08/2017,1178,40-44,M,64,69,70,63660.0,11,16.47000003,1.0,1.0
1121562,20/08/2017,1178,40-44,M,64,65,67,109289.0,19,31.02999997,1.0,0.0
1121568,20/08/2017,1178,40-44,M,65,70,70,188440.0,40,60.72999966,2.0,1.0
1121571,20/08/2017,1178,40-44,M,2,3,5,212496.0,44,74.83000135,2.0,1.0
1121572,20/08/2017,1178,40-44,M,2,6,3,32574.0,5,7.480000019,1.0,0.0
1121575,20/08/2017,1178,40-44,M,2,4,5,128595.0,23,36.4800005,1.0,1.0
1121577,20/08/2017,1178,40-44,M,7,9,11,242234.0,48,68.06000054,2.0,0.0
1121584,20/08/2017,1178,40-44,M,66,67,67,33154.0,5,7.879999995,1.0,1.0
1121585,20/08/2017,1178,40-44,M,66,72,68,9773.0,1,1.460000038,1.0,0.0
1121589,20/08/2017,1178,45-49,M,10,16,11,464036.0,77,123.5500004,3.0,1.0
1121590,20/08/2017,1178,45-49,M,10,16,15,478480.0,75,135.7500012,3.0,1.0
1121592,20/08/2017,1178,45-49,M,10,14,11,428812.0,66,116.8800001,4.0,2.0
1121593,26/08/2017,1178,45-49,M,10,16,16,1177535.0,221,365.6600009,15.0,3.0
1121594,26/08/2017,1210,45-49,M,10,14,14,426500.0,72,128.2799988,4.0,1.0
1121597,30/08/2017,1210,45-49,M,15,21,19,54237.0,7,10.77999985,2.0,1.0
1121598,30/08/2017,1210,45-49,M,15,19,18,506916.0,89,133.6999986,2.0,2.0
1121599,30/08/2017,1210,45-49,M,15,17,18,250960.0,42,64.87999952,2.0,0.0
1121601,30/08/2017,1210,45-49,M,16,20,18,2286228.0,353,603.380002,16.0,7.0
1121602,30/08/2017,1210,45-49,M,16,21,20,915451.0,125,220.559999,6.0,1.0
1121603,30/08/2017,1210,45-49,M,16,21,17,159478.0,20,33.89999998,3.0,1.0
1121605,30/08/2017,1210,45-49,M,16,20,17,1228924.0,190,318.9700032,6.0,3.0
1121606,30/08/2017,1210,45-49,M,16,22,17,938283.0,134,248.6400001,7.0,2.0
1121607,30/08/2017,1210,45-49,M,18,24,23,154572.0,26,40.93000007,1.0,1.0
1121609,30/08/2017,1210,45-49,M,18,19,19,378171.0,70,109.2500008,1.0,0.0
1121612,29/08/2017,1210,45-49,M,18,19,22,468749.0,84,134.1199975,6.0,1.0
1121613,29/08/2017,1210,45-49,M,19,25,25,309823.0,60,103.3899996,4.0,4.0
1121615,29/08/2017,1210,45-49,M,19,21,25,327227.0,65,116.5599996,5.0,0.0
1121616,29/08/2017,1210,45-49,M,19,23,24,334945.0,72,120.2999994,2.0,1.0
1121617,29/08/2017,1210,45-49,M,19,23,22,68859.0,15,25.45999968,1.0,0.0
1121619,30/08/2017,1210,45-49,M,20,22,26,127125.0,20,35.67999983,2.0,0.0
1121620,30/08/2017,1210,45-49,M,20,21,24,415798.0,80,131.7800006,3.0,1.0
1121622,30/08/2017,1210,45-49,M,20,22,23,107671.0,20,29.91000021,1.0,1.0
1121623,29/08/2017,1210,45-49,M,20,24,22,164356.0,28,46.7900002,2.0,1.0
1121624,30/08/2017,1210,45-49,M,20,26,25,17662.0,2,3.189999938,1.0,0.0
1121627,30/08/2017,1210,45-49,M,21,27,27,65339.0,10,16.67999983,2.0,0.0
1121628,19/08/2017,1210,45-49,M,21,25,22,59838.0,7,11.11000013,1.0,0.0
1121629,19/08/2017,1210,45-49,M,21,24,23,381577.0,81,127.5699993,2.0,0.0
1121635,19/08/2017,1210,45-49,M,22,24,27,45491.0,8,11.00999999,1.0,0.0
1121638,19/08/2017,1210,45-49,M,23,28,29,18946.0,2,3.599999905,1.0,0.0
1121641,19/08/2017,1210,45-49,M,23,29,29,114370.0,18,33.65999997,1.0,0.0
1121642,19/08/2017,1210,45-49,M,23,26,29,99698.0,21,33.3499999,1.0,0.0
1121644,19/08/2017,1210,45-49,M,24,26,25,355165.0,81,128.6099997,4.0,3.0
1121650,19/08/2017,1210,45-49,M,25,26,29,101431.0,23,33.93000031,1.0,1.0
1121652,18/08/2017,1210,45-49,M,25,30,29,123151.0,24,36.4400003,2.0,1.0
1121660,18/08/2017,1210,45-49,M,26,30,29,24078.0,4,5.769999981,1.0,0.0
1121661,18/08/2017,1210,45-49,M,27,33,30,517801.0,105,181.7200011,3.0,0.0
1121662,18/08/2017,1210,45-49,M,27,28,32,145104.0,25,41.42000008,2.0,1.0
1121664,18/08/2017,1210,45-49,M,27,31,28,179950.0,35,58.67999971,1.0,0.0
1121665,18/08/2017,1210,45-49,M,27,31,31,258531.0,46,80.33999979,2.0,0.0
1121666,18/08/2017,1210,45-49,M,27,31,29,272500.0,62,104.4599996,3.0,0.0
1121667,18/08/2017,1210,45-49,M,28,31,32,273197.0,57,87.7300005,3.0,0.0
1121668,18/08/2017,1210,45-49,M,28,30,34,775904.0,172,253.990002,4.0,2.0
1121669,18/08/2017,1210,45-49,M,28,33,33,120251.0,26,39.44000006,1.0,0.0
1121671,18/08/2017,1210,45-49,M,28,29,32,139406.0,24,39.04999948,1.0,0.0
1121672,29/08/2017,1210,45-49,M,28,32,31,60314.0,11,16.93999958,2.0,1.0
1121673,29/08/2017,1210,45-49,M,29,34,30,563074.0,86,142.7099985,4.0,2.0
1121674,27/08/2017,1210,45-49,M,29,30,30,168655.0,18,27.29999983,2.0,0.0
1121675,27/08/2017,1210,45-49,M,29,34,31,111963.0,17,29.3799994,2.0,1.0
1121676,27/08/2017,1210,45-49,M,29,32,30,1026304.0,168,277.5799986,17.0,8.0
1121677,27/08/2017,1210,45-49,M,29,35,34,1391924.0,258,422.8400038,17.0,10.0
1121678,27/08/2017,1210,45-49,M,29,33,33,147551.0,22,38.50000083,1.0,0.0
1121685,27/08/2017,1210,45-49,M,31,36,36,66794.0,9,17.3299998,1.0,1.0
1121687,27/08/2017,1210,45-49,M,31,37,36,118882.0,19,32.30999994,2.0,1.0
1121689,27/08/2017,1210,45-49,M,31,37,35,148010.0,24,41.96999943,1.0,0.0
1121691,26/08/2017,1210,45-49,M,32,34,33,932890.0,197,352.4499989,3.0,1.0
1121692,26/08/2017,1210,45-49,M,32,34,37,718359.0,147,264.5899997,4.0,1.0
1121693,26/08/2017,1210,45-49,M,32,35,35,433658.0,82,158.5999998,5.0,2.0
1121695,26/08/2017,1210,45-49,M,32,34,38,29455.0,3,4.769999981,1.0,0.0
1121701,26/08/2017,1210,45-49,M,36,38,38,23973.0,3,4.820000052,1.0,1.0
1121705,26/08/2017,1210,45-49,M,63,68,67,126480.0,25,37.25999999,1.0,1.0
1121706,26/08/2017,1210,45-49,M,63,64,67,138959.0,28,39.5200007,1.0,0.0
1121708,26/08/2017,1210,45-49,M,63,65,68,68829.0,12,19.47999978,1.0,0.0
1121711,26/08/2017,1210,45-49,M,64,69,65,49916.0,10,16.38,1.0,1.0
1121716,26/08/2017,1210,45-49,M,65,67,67,76014.0,16,22.67000031,1.0,1.0
1121723,26/08/2017,1210,45-49,M,2,5,4,50947.0,10,15.99000025,1.0,0.0
1121733,27/08/2017,1210,45-49,M,66,71,70,55536.0,11,17.04999995,1.0,0.0
1121741,27/08/2017,1210,30-34,F,10,13,14,318042.0,46,64.40999997,8.0,4.0
1121742,28/08/2017,1210,30-34,F,10,14,11,213016.0,30,44.21999955,8.0,2.0
1121745,28/08/2017,1210,30-34,F,15,19,16,182265.0,27,38.18000007,2.0,1.0
1121746,28/08/2017,1210,30-34,F,15,17,18,1117371.0,177,268.050002,26.0,5.0
1121749,28/08/2017,1210,30-34,F,15,17,17,333345.0,52,77.59000027,5.0,1.0
1121751,29/08/2017,1210,30-34,F,16,17,21,275930.0,30,46.77999997,5.0,2.0
1121753,29/08/2017,1210,30-34,F,16,20,19,740631.0,101,153.1199975,9.0,1.0
1121754,29/08/2017,1210,30-34,F,16,17,17,328272.0,35,55.99000025,2.0,1.0
1121755,29/08/2017,1210,30-34,F,16,20,21,178455.0,20,31.5400002,6.0,3.0
1121756,29/08/2017,1210,30-34,F,16,18,19,705712.0,98,147.339999,6.0,1.0
1121758,28/08/2017,1210,30-34,F,18,19,20,690373.0,91,159.5700021,5.0,2.0
1121759,28/08/2017,1210,30-34,F,18,21,19,515812.0,69,117.6299995,3.0,1.0
1121760,28/08/2017,1210,30-34,F,18,21,21,764793.0,101,171.9799976,4.0,2.0
1121763,28/08/2017,1210,30-34,F,19,22,23,87832.0,11,18.10000038,1.0,1.0
1121764,28/08/2017,1210,30-34,F,19,22,23,23368.0,3,4.300000191,1.0,0.0
1121765,28/08/2017,1210,30-34,F,19,24,23,51509.0,7,11.57000005,1.0,0.0
1121767,28/08/2017,1210,30-34,F,19,20,23,87043.0,16,24.48000002,2.0,0.0
1121768,28/08/2017,1210,30-34,F,19,20,25,565565.0,113,169.6699982,7.0,4.0
1121769,28/08/2017,1210,30-34,F,20,26,26,253758.0,43,62.14000034,4.0,1.0
1121773,28/08/2017,1210,30-34,F,20,22,21,319131.0,51,76.68000025,6.0,1.0
1121774,28/08/2017,1210,30-34,F,20,22,21,670608.0,130,195.1499978,11.0,3.0
1121775,18/08/2017,1210,30-34,F,21,24,25,159123.0,25,38.36000013,5.0,3.0
1121776,18/08/2017,1210,30-34,F,21,23,22,103709.0,15,24.56999969,3.0,1.0
1121779,22/08/2017,1210,30-34,F,21,27,23,271589.0,45,74.41000032,9.0,3.0
1121780,22/08/2017,1210,30-34,F,21,25,22,119772.0,20,33.46999907,5.0,2.0
1121782,21/08/2017,1210,30-34,F,22,23,23,26340.0,3,4.220000029,1.0,1.0
1121783,22/08/2017,1210,30-34,F,22,27,28,594968.0,111,147.6700006,4.0,0.0
1121793,22/08/2017,1210,30-34,F,24,30,25,185665.0,39,62.14000058,1.0,0.0
1121795,22/08/2017,1210,30-34,F,24,29,25,24959.0,3,4.560000062,1.0,1.0
1121796,22/08/2017,1210,30-34,F,24,28,27,136967.0,23,35.05999982,3.0,1.0
1121798,21/08/2017,1210,30-34,F,24,26,26,107548.0,19,29.31000018,1.0,0.0
1121803,21/08/2017,1210,30-34,F,25,31,28,588617.0,119,169.9199973,2.0,0.0
1121806,20/08/2017,1210,30-34,F,26,31,30,190560.0,26,41.63,3.0,1.0
1121807,20/08/2017,1210,30-34,F,26,30,32,373110.0,49,75.70000076,4.0,2.0
1121812,20/08/2017,1210,30-34,F,27,33,29,935646.0,170,256.4699982,19.0,6.0
1121814,21/08/2017,1210,30-34,F,27,28,31,2223278.0,421,612.3000032,38.0,13.0
1121815,21/08/2017,1210,30-34,F,27,33,28,240497.0,36,51.84000087,1.0,0.0
1121816,21/08/2017,1210,30-34,F,27,30,30,259984.0,37,54.7900002,5.0,0.0
1121817,21/08/2017,1210,30-34,F,28,31,29,606786.0,127,179.050001,11.0,3.0
1121818,21/08/2017,1210,30-34,F,28,31,34,83270.0,13,17.74000001,1.0,0.0
1121819,21/08/2017,1210,30-34,F,28,34,29,1189509.0,268,375.7199963,7.0,3.0
1121820,22/08/2017,1210,30-34,F,28,29,32,11471.0,1,1.570000052,0.0,0.0
1121824,22/08/2017,1210,30-34,F,29,35,34,1705246.0,295,429.4799981,23.0,10.0
1121826,23/08/2017,1210,30-34,F,29,31,30,418016.0,63,95.8500005,3.0,1.0
1121827,23/08/2017,1210,30-34,F,29,31,30,30155.0,3,3.819999933,1.0,0.0
1121828,23/08/2017,1210,30-34,F,29,33,33,990404.0,153,226.5399992,12.0,6.0
1121829,24/08/2017,1210,30-34,F,30,35,35,187468.0,34,50.72000062,2.0,1.0
1121832,24/08/2017,1210,30-34,F,30,36,36,208301.0,33,54.57000089,1.0,0.0
1121833,24/08/2017,1210,30-34,F,30,36,36,101856.0,16,25.22000039,4.0,1.0
1121835,24/08/2017,1210,30-34,F,31,35,36,48935.0,7,9.970000267,1.0,1.0
1121839,24/08/2017,1210,30-34,F,31,33,34,13911.0,1,1.730000019,1.0,1.0
1121841,23/08/2017,1210,30-34,F,32,38,34,511726.0,77,123.0900019,8.0,4.0
1121843,23/08/2017,1210,30-34,F,32,38,37,177452.0,24,37.83000016,2.0,0.0
1121844,23/08/2017,1210,30-34,F,32,38,36,149808.0,20,33.03999937,1.0,1.0
1121845,22/08/2017,1210,30-34,F,32,34,38,390339.0,60,105.0199997,9.0,6.0
1121847,23/08/2017,1210,30-34,F,36,38,37,39339.0,4,5.929999948,1.0,0.0
1121855,23/08/2017,1210,30-34,F,63,67,65,24893.0,2,3.75,1.0,0.0
1121856,23/08/2017,1210,30-34,F,63,64,64,1296189.0,212,343.2599944,14.0,4.0
1121857,23/08/2017,1210,30-34,F,63,65,65,91607.0,12,19.1899997,2.0,1.0
1121859,23/08/2017,1210,30-34,F,64,67,67,238036.0,38,61.02999771,6.0,3.0
1121860,20/08/2017,1210,30-34,F,64,67,68,254344.0,35,56.16999996,2.0,1.0
1121861,20/08/2017,1210,30-34,F,64,66,69,157705.0,23,39.23000026,2.0,0.0
1121862,17/08/2017,1210,30-34,F,64,67,69,411571.0,60,99.1799984,6.0,1.0
1121863,17/08/2017,1210,30-34,F,64,69,70,94136.0,11,16.17999971,1.0,0.0
1121867,17/08/2017,1210,30-34,F,65,69,71,82640.0,16,23.97000039,1.0,1.0
1121869,18/08/2017,1210,30-34,F,65,69,68,17870.0,2,2.620000005,1.0,1.0
1121871,18/08/2017,1210,30-34,F,2,8,7,19178.0,2,2.779999971,1.0,1.0
1121874,18/08/2017,1210,30-34,F,2,8,4,145548.0,28,42.37000036,2.0,1.0
1121876,18/08/2017,1210,30-34,F,2,6,8,82455.0,15,22.04999971,1.0,0.0
1121877,17/08/2017,1210,30-34,F,7,10,9,44189.0,7,10.31999981,2.0,0.0
1121878,17/08/2017,1210,30-34,F,7,8,8,45199.0,7,9.809999943,1.0,0.0
1121881,30/08/2017,1210,30-34,F,7,8,13,221843.0,43,63.45000076,5.0,0.0
1121888,30/08/2017,1210,30-34,F,66,72,69,41672.0,6,10.54999995,2.0,1.0
1121889,30/08/2017,1210,35-39,F,10,15,13,127546.0,25,38.94000041,2.0,0.0
1121890,17/08/2017,1210,35-39,F,10,16,15,127865.0,28,38.02999961,3.0,1.0
1121891,17/08/2017,1210,35-39,F,10,15,13,1025327.0,229,314.2999983,16.0,2.0
1121894,17/08/2017,1210,35-39,F,10,14,14,561415.0,124,173.76,3.0,0.0
1121895,17/08/2017,1210,35-39,F,15,21,21,132803.0,25,37.32000124,2.0,1.0
1121897,17/08/2017,1210,35-39,F,15,18,17,24664.0,2,2.629999995,1.0,1.0
1121901,17/08/2017,1210,35-39,F,16,17,21,1020561.0,172,263.8100007,7.0,3.0
1121902,18/08/2017,1210,35-39,F,16,17,22,682143.0,114,177.1099993,6.0,2.0
1121903,18/08/2017,1210,35-39,F,16,18,18,1247717.0,222,343.4199994,11.0,4.0
1121904,19/08/2017,1210,35-39,F,16,21,18,146406.0,23,33.22999942,1.0,1.0
1121905,19/08/2017,1210,35-39,F,16,17,21,905699.0,161,234.6599982,4.0,1.0
1121906,19/08/2017,1210,35-39,F,16,21,17,1184580.0,194,297.8299981,14.0,3.0
1121907,20/08/2017,1210,35-39,F,18,22,19,98057.0,20,31.00999963,1.0,1.0
1121917,20/08/2017,1210,35-39,F,19,22,24,238735.0,56,84.65999889,4.0,1.0
1121918,20/08/2017,1210,35-39,F,19,23,25,320657.0,77,115.8800026,2.0,0.0
1121925,20/08/2017,1210,35-39,F,21,27,23,244074.0,57,84.51000023,4.0,2.0
1121928,20/08/2017,1210,35-39,F,21,27,24,39146.0,8,13.05999959,1.0,0.0
1121931,20/08/2017,1210,35-39,F,22,26,23,78468.0,15,23.64999962,1.0,0.0
1121933,19/08/2017,1210,35-39,F,22,24,26,325653.0,63,89.35000026,2.0,0.0
1121935,19/08/2017,1210,35-39,F,22,25,23,66277.0,12,17.30000019,1.0,0.0
1121936,18/08/2017,1210,35-39,F,22,26,25,93002.0,16,23.33999968,1.0,0.0
1121944,18/08/2017,1210,35-39,F,24,25,29,109723.0,27,40.9600004,1.0,0.0
1121948,18/08/2017,1210,35-39,F,24,27,28,118941.0,35,50.11000001,4.0,1.0
1121949,19/08/2017,1210,35-39,F,25,27,27,221576.0,47,66.79000068,6.0,1.0
1121953,19/08/2017,1210,35-39,F,25,29,27,8341.0,1,1.639999986,1.0,0.0
1121954,19/08/2017,1210,35-39,F,25,30,27,120335.0,26,36.2299993,2.0,0.0
1121955,19/08/2017,1210,35-39,F,26,28,31,182098.0,40,62.86999989,1.0,1.0
1121956,19/08/2017,1210,35-39,F,26,31,28,227473.0,52,71.58000052,1.0,1.0
1121962,19/08/2017,1210,35-39,F,27,30,32,1050947.0,230,350.5099957,6.0,1.0
1121963,24/08/2017,1210,35-39,F,27,32,28,720859.0,162,213.6899986,13.0,5.0
1121971,24/08/2017,1210,35-39,F,28,31,32,41111.0,8,10.96000016,1.0,0.0
1121973,30/08/2017,1210,35-39,F,29,31,34,148616.0,25,37.39999962,6.0,4.0
1121976,30/08/2017,1210,35-39,F,29,34,34,707260.0,135,210.8200028,13.0,6.0
1121977,30/08/2017,1210,35-39,F,29,32,32,139596.0,26,42.41000032,1.0,1.0
1121983,30/08/2017,1210,35-39,F,30,34,31,105399.0,22,33.19999933,2.0,0.0
1121994,30/08/2017,1210,35-39,F,32,33,34,222378.0,50,72.91000104,1.0,0.0
1122003,17/08/2017,1210,35-39,F,63,69,68,975792.0,210,293.8800011,10.0,4.0
1122004,30/08/2017,1210,35-39,F,63,65,67,579150.0,125,167.0499997,5.0,1.0
1122005,30/08/2017,1210,35-39,F,63,65,69,449588.0,81,123.800001,5.0,2.0
1122006,30/08/2017,1210,35-39,F,63,68,65,318157.0,56,85.70000196,3.0,0.0
1122007,30/08/2017,1210,35-39,F,63,65,64,196967.0,43,65.17999971,2.0,1.0
1122011,29/08/2017,1210,35-39,F,64,70,67,158298.0,37,46.43000007,4.0,1.0
1122012,29/08/2017,1210,35-39,F,64,67,69,222739.0,55,68.55999959,5.0,2.0
1122022,29/08/2017,1210,35-39,F,2,4,3,20780.0,5,8.189999938,1.0,0.0
1122027,29/08/2017,1210,35-39,F,7,9,8,128616.0,33,48.54999948,2.0,0.0
1122039,29/08/2017,1210,40-44,F,10,12,15,258954.0,61,82.27999902,1.0,0.0
1122040,30/08/2017,1210,40-44,F,10,15,11,205289.0,48,71.53000104,3.0,0.0
1122041,30/08/2017,1210,40-44,F,10,13,12,611601.0,138,191.419996,8.0,3.0
1122043,30/08/2017,1210,40-44,F,10,13,14,947657.0,233,321.8700004,8.0,4.0
1122044,29/08/2017,1210,40-44,F,10,16,14,233043.0,49,65.03000033,2.0,0.0
1122047,17/08/2017,1210,40-44,F,15,18,21,582725.0,142,194.8099988,9.0,2.0
1122052,17/08/2017,1210,40-44,F,16,20,19,265038.0,51,78.45999932,2.0,1.0
1122054,18/08/2017,1210,40-44,F,16,20,18,222273.0,39,53.62999868,6.0,1.0
1122055,18/08/2017,1210,40-44,F,16,22,19,797234.0,170,243.7699978,4.0,1.0
1122056,17/08/2017,1210,40-44,F,16,19,21,925555.0,182,262.8899981,4.0,2.0
1122058,18/08/2017,1210,40-44,F,18,19,24,22210.0,3,4.050000191,1.0,1.0
1122075,18/08/2017,1210,40-44,F,21,25,23,46391.0,11,16.40999985,3.0,1.0
1122078,18/08/2017,1210,40-44,F,21,27,25,190477.0,42,66.38999987,1.0,0.0
1122079,18/08/2017,1210,40-44,F,21,24,27,25382.0,7,9.609999895,1.0,0.0
1122085,18/08/2017,1210,40-44,F,22,26,25,65726.0,17,22.12000012,2.0,0.0
1122089,17/08/2017,1210,40-44,F,23,25,29,195220.0,51,78.06000042,1.0,0.0
1122092,17/08/2017,1210,40-44,F,23,25,26,107501.0,27,40.87999928,2.0,2.0
1122101,17/08/2017,1210,40-44,F,25,26,30,197772.0,63,88.21000016,7.0,2.0
1122102,17/08/2017,1210,40-44,F,25,30,29,138154.0,35,48.93999863,1.0,0.0
1122103,17/08/2017,1210,40-44,F,25,26,30,270124.0,69,95.84999895,2.0,0.0
1122105,17/08/2017,1210,40-44,F,26,28,27,303971.0,77,106.9299998,11.0,6.0
1122107,17/08/2017,1210,40-44,F,26,30,29,682046.0,183,254.419997,4.0,2.0
1122109,17/08/2017,1210,40-44,F,26,27,28,328365.0,83,117.3400005,2.0,1.0
1122112,17/08/2017,1210,40-44,F,27,31,33,1083259.0,276,390.2599992,11.0,0.0
1122113,17/08/2017,1210,40-44,F,27,33,28,913929.0,245,340.4099993,7.0,2.0
1122118,17/08/2017,1210,40-44,F,28,31,33,101586.0,24,33.47000039,2.0,1.0
1122120,29/08/2017,1210,40-44,F,28,30,32,181053.0,46,66.27999985,3.0,1.0
1122121,29/08/2017,1210,40-44,F,28,30,34,133419.0,35,48.18000007,2.0,1.0
1122125,26/08/2017,1210,40-44,F,29,34,32,489573.0,113,156.1199993,3.0,2.0
1122127,26/08/2017,1210,40-44,F,29,32,31,822023.0,194,288.3300035,6.0,0.0
1122131,26/08/2017,1210,40-44,F,30,32,35,93176.0,29,40.37000024,1.0,1.0
1122138,26/08/2017,1210,40-44,F,31,32,37,47229.0,13,19.27999985,1.0,0.0
1122139,26/08/2017,1210,40-44,F,31,36,32,92263.0,24,34.03000015,1.0,0.0
1122140,26/08/2017,1210,40-44,F,31,35,35,81551.0,21,29.67000008,1.0,0.0
1122145,26/08/2017,1210,40-44,F,32,35,34,141037.0,32,47.78999913,3.0,0.0
1122146,26/08/2017,1210,40-44,F,32,38,37,319501.0,79,111.6500003,0.0,0.0
1122149,26/08/2017,1210,40-44,F,36,41,37,72741.0,19,24.33000016,2.0,0.0
1122154,25/08/2017,1210,40-44,F,63,66,68,597419.0,135,188.5100002,2.0,1.0
1122157,25/08/2017,1210,40-44,F,63,69,66,98768.0,21,33.14000034,1.0,1.0
1122160,24/08/2017,1210,40-44,F,64,69,67,173165.0,41,59.85000026,1.0,0.0
1122165,24/08/2017,1210,40-44,F,65,68,69,55823.0,13,21.10999966,1.0,1.0
1122166,25/08/2017,1210,40-44,F,65,66,68,118451.0,28,38.35000062,4.0,1.0
1122176,25/08/2017,1210,40-44,F,2,6,8,74424.0,22,30.84000027,1.0,1.0
1122177,25/08/2017,1210,40-44,F,7,10,12,47929.0,12,14.58999991,1.0,1.0
1122182,25/08/2017,1210,40-44,F,7,10,8,40801.0,12,15.91999972,0.0,0.0
1122183,25/08/2017,1210,40-44,F,66,71,67,66017.0,17,24.22000015,1.0,0.0
1122189,25/08/2017,1210,45-49,F,10,16,14,725043.0,179,238.4000007,5.0,3.0
1122191,27/08/2017,1210,45-49,F,10,16,16,382776.0,97,132.7300007,5.0,1.0
1122192,27/08/2017,1210,45-49,F,10,16,13,548250.0,137,201.6000042,5.0,1.0
1122193,28/08/2017,1210,45-49,F,10,11,15,1358324.0,346,465.0799981,8.0,2.0
1122197,28/08/2017,1210,45-49,F,15,16,20,662249.0,163,234.9399992,2.0,0.0
1122200,28/08/2017,1210,45-49,F,15,16,16,559554.0,139,195.0799994,2.0,0.0
1122201,28/08/2017,1210,45-49,F,16,19,21,320757.0,68,104.6899989,2.0,0.0
1122202,28/08/2017,1210,45-49,F,16,20,19,906151.0,202,295.5499957,1.0,0.0
1122203,29/08/2017,1210,45-49,F,16,22,19,699314.0,164,226.0300014,3.0,0.0
1122204,28/08/2017,1210,45-49,F,16,21,22,850337.0,198,287.690003,3.0,1.0
1122205,28/08/2017,1210,45-49,F,16,20,22,1015460.0,247,315.9000051,9.0,2.0
1122209,28/08/2017,1210,45-49,F,18,19,20,890295.0,227,332.9899989,1.0,0.0
1122210,28/08/2017,1210,45-49,F,18,21,20,791817.0,194,282.490001,4.0,2.0
1122211,27/08/2017,1210,45-49,F,18,24,21,317601.0,76,115.6600008,1.0,0.0
1122212,27/08/2017,1210,45-49,F,18,23,24,685211.0,164,247.3200026,4.0,3.0
1122213,27/08/2017,1210,45-49,F,19,24,23,32781.0,7,11.20000017,2.0,2.0
1122216,27/08/2017,1210,45-49,F,19,23,22,76785.0,19,25.45999998,3.0,0.0
1122217,27/08/2017,1210,45-49,F,19,24,23,719083.0,206,299.5299983,12.0,5.0
1122223,27/08/2017,1210,45-49,F,20,23,23,368480.0,107,140.4200011,5.0,4.0
1122224,27/08/2017,1210,45-49,F,20,24,25,260945.0,73,100.8800011,2.0,2.0
1122225,27/08/2017,1210,45-49,F,21,22,27,40998.0,10,13.35000038,1.0,0.0
1122227,27/08/2017,1210,45-49,F,21,27,26,183293.0,53,73.74999964,2.0,1.0
1122232,27/08/2017,1210,45-49,F,22,24,23,221561.0,55,76.75999916,1.0,0.0
1122233,19/08/2017,1210,45-49,F,22,24,24,436943.0,109,145.8199974,1.0,1.0
1122240,19/08/2017,1210,45-49,F,23,26,26,284488.0,90,125.2700011,1.0,1.0
1122244,25/08/2017,1210,45-49,F,24,26,26,85083.0,32,38.62999976,1.0,1.0
1122246,25/08/2017,1210,45-49,F,24,28,25,14167.0,5,7.139999986,1.0,0.0
1122249,24/08/2017,1210,45-49,F,25,29,28,300637.0,84,116.9899981,2.0,0.0
1122253,25/08/2017,1210,45-49,F,25,27,28,449921.0,129,175.9700005,5.0,1.0
1122254,25/08/2017,1210,45-49,F,25,31,31,282899.0,71,105.6600007,1.0,0.0
1122257,25/08/2017,1210,45-49,F,26,29,32,669671.0,186,259.1799988,4.0,1.0
1122258,25/08/2017,1210,45-49,F,26,28,30,108655.0,28,46.92000186,1.0,0.0
1122260,25/08/2017,1210,45-49,F,26,32,31,536248.0,146,187.7399978,3.0,0.0
1122262,24/08/2017,1210,45-49,F,27,29,30,1055017.0,265,380.6599952,16.0,2.0
1122265,24/08/2017,1210,45-49,F,27,30,28,1428421.0,367,541.7000023,10.0,0.0
1122266,24/08/2017,1210,45-49,F,27,31,30,1088027.0,272,409.5600026,9.0,4.0
1122267,23/08/2017,1210,45-49,F,28,29,33,288517.0,78,102.3900002,3.0,0.0
1122268,23/08/2017,1210,45-49,F,28,31,30,202231.0,53,67.13000107,3.0,1.0
1122270,24/08/2017,1210,45-49,F,28,34,32,73222.0,16,22.86000025,1.0,0.0
1122271,24/08/2017,1210,45-49,F,28,29,34,348542.0,96,134.889999,2.0,0.0
1122273,24/08/2017,1210,45-49,F,29,32,30,1097966.0,266,369.069997,16.0,8.0
1122274,24/08/2017,1210,45-49,F,29,33,31,526923.0,138,198.0899972,2.0,1.0
1122276,24/08/2017,1210,45-49,F,29,34,34,264386.0,66,91.00000054,4.0,1.0
1122277,24/08/2017,1210,45-49,F,29,30,30,854940.0,227,297.9100007,8.0,3.0
1122279,25/08/2017,1210,45-49,F,30,33,36,113567.0,34,50.29000044,3.0,0.0
1122282,25/08/2017,1210,45-49,F,30,31,35,22859.0,6,9.419999838,1.0,0.0
1122288,27/08/2017,1210,45-49,F,31,32,33,51754.0,13,20.51999998,1.0,0.0
1122290,26/08/2017,1210,45-49,F,31,32,33,104347.0,28,38.13999993,4.0,3.0
1122303,26/08/2017,1210,45-49,F,63,67,66,391998.0,97,142.0500025,3.0,1.0
1122304,27/08/2017,1210,45-49,F,63,64,66,1111156.0,282,402.3000026,5.0,0.0
1122308,27/08/2017,1210,45-49,F,63,64,68,427772.0,117,159.299999,3.0,1.0
1122310,27/08/2017,1210,45-49,F,64,66,65,536457.0,136,193.6599991,2.0,1.0
1122311,27/08/2017,1210,45-49,F,64,69,68,179894.0,43,66.83999872,2.0,0.0
1122312,27/08/2017,1210,45-49,F,64,70,66,479882.0,131,178.6700007,6.0,0.0
1122313,26/08/2017,1210,45-49,F,64,70,69,358261.0,91,130.3600011,1.0,0.0
1122316,26/08/2017,1210,45-49,F,65,67,67,346688.0,88,114.8599998,2.0,0.0
1314296,26/08/2017,1210,30-34,M,100,106,105,33445.0,2,3.199999928,1.0,0.0
1314297,25/08/2017,1210,30-34,M,101,106,103,72228.0,5,7.529999852,4.0,4.0
1314298,25/08/2017,1210,30-34,M,102,104,107,49699.0,2,2.690000057,2.0,1.0
1314299,26/08/2017,1210,30-34,M,103,107,108,189761.0,18,27.32999969,4.0,1.0
1314301,26/08/2017,1210,30-34,M,105,108,107,312524.0,37,53.78999972,2.0,0.0
1314303,26/08/2017,1210,30-34,M,107,108,110,496760.0,42,61.00999904,10.0,3.0
1314306,26/08/2017,1210,30-34,M,110,112,111,310988.0,34,46.66999936,11.0,3.0
1314307,26/08/2017,1210,30-34,M,111,112,113,98606.0,9,12.10999984,1.0,0.0
1314308,26/08/2017,1210,30-34,M,112,117,115,51104.0,2,3.199999928,3.0,1.0
1314309,23/08/2017,1210,30-34,M,113,116,115,276762.0,22,32.09000015,5.0,1.0
1314312,23/08/2017,1210,35-39,M,101,105,103,33534.0,2,2.960000038,1.0,1.0
1314313,21/08/2017,1210,35-39,M,102,104,107,128859.0,16,23.69999957,1.0,0.0
1314314,21/08/2017,1210,35-39,M,103,104,105,92080.0,12,16.94000018,3.0,2.0
1314316,21/08/2017,1210,35-39,M,105,107,107,211882.0,33,46.64999926,3.0,1.0
1314318,21/08/2017,1210,35-39,M,107,110,109,112776.0,9,12.67999995,1.0,0.0
1314319,21/08/2017,1210,35-39,M,108,113,111,145324.0,14,19.82000005,2.0,1.0
1314320,21/08/2017,1210,35-39,M,109,113,115,106492.0,14,21.26000023,2.0,0.0
1314321,21/08/2017,1210,35-39,M,110,112,111,233845.0,30,40.73000062,3.0,0.0
1314323,21/08/2017,1210,35-39,M,112,117,118,155426.0,17,25.01000023,3.0,0.0
1314324,21/08/2017,1210,35-39,M,113,116,114,97540.0,8,11.5199995,2.0,1.0
1314325,21/08/2017,1210,35-39,M,114,117,120,61441.0,5,7.700000048,1.0,0.0
1314326,20/08/2017,1210,40-44,M,100,104,104,76703.0,9,12.14999962,3.0,1.0
1314327,20/08/2017,1210,40-44,M,101,107,105,68619.0,10,14.96000034,1.0,0.0
1314330,20/08/2017,1210,40-44,M,104,108,108,17559.0,1,1.49000001,1.0,1.0
1314331,20/08/2017,1210,40-44,M,105,107,108,137879.0,19,28.47000003,2.0,0.0
1314332,20/08/2017,1210,40-44,M,106,110,112,67710.0,10,15.14999998,1.0,0.0
1314333,21/08/2017,1210,40-44,M,107,113,108,348180.0,41,60.22999907,3.0,1.0
1314334,21/08/2017,1210,40-44,M,108,110,112,146246.0,18,28.71999955,3.0,1.0
1314336,20/08/2017,1210,40-44,M,110,116,113,187236.0,24,34.86999965,2.0,2.0
1314337,20/08/2017,1210,40-44,M,111,112,112,72157.0,9,13.50000036,1.0,1.0
1314338,21/08/2017,1210,40-44,M,112,113,114,91180.0,10,13.55999994,1.0,0.0
1314339,22/08/2017,1210,40-44,M,113,114,116,86293.0,6,9.259999871,1.0,1.0
1314341,23/08/2017,1210,45-49,M,100,105,106,101410.0,12,17.94000006,4.0,0.0
1314343,23/08/2017,1210,45-49,M,102,107,103,134245.0,18,25.75000024,2.0,1.0
1314345,23/08/2017,1210,45-49,M,104,105,107,125650.0,20,30.08000076,4.0,0.0
1314346,23/08/2017,1210,45-49,M,105,109,106,50406.0,5,7.26000011,1.0,1.0
1314348,23/08/2017,1210,45-49,M,107,113,111,121769.0,13,18.41999996,2.0,1.0
1314349,23/08/2017,1210,45-49,M,108,113,113,267106.0,34,50.5,4.0,1.0
1314350,23/08/2017,1210,45-49,M,109,115,115,365539.0,57,82.13999915,5.0,2.0
1314351,23/08/2017,1210,45-49,M,110,114,111,188758.0,25,36.60000038,2.0,1.0
1314353,22/08/2017,1210,45-49,M,112,114,114,108426.0,13,19.58000016,1.0,0.0
1314354,22/08/2017,1210,45-49,M,113,116,116,138525.0,9,13.65000045,3.0,0.0
1314355,22/08/2017,1210,45-49,M,114,117,118,150858.0,21,30.26000011,1.0,0.0
1314357,22/08/2017,1210,30-34,F,101,102,102,524306.0,81,113.6800029,10.0,4.0
1314358,22/08/2017,1210,30-34,F,102,103,103,104496.0,9,11.42999983,3.0,2.0
1314359,22/08/2017,1210,30-34,F,103,109,105,452519.0,68,99.52000237,7.0,2.0
1314360,22/08/2017,1210,30-34,F,104,105,108,442919.0,76,110.7800021,21.0,2.0
1314361,22/08/2017,1210,30-34,F,105,111,107,596831.0,86,120.8799992,11.0,0.0
1314362,22/08/2017,1210,30-34,F,106,109,108,173912.0,26,35.54000032,2.0,1.0
1314363,22/08/2017,1210,30-34,F,107,109,113,780967.0,86,119.6400018,20.0,4.0
1314364,22/08/2017,1210,30-34,F,108,111,111,132124.0,8,11.18999994,4.0,0.0
1314365,27/08/2017,1210,30-34,F,109,110,112,623137.0,100,138.9200006,12.0,1.0
1314366,27/08/2017,1210,30-34,F,110,114,111,99020.0,10,14.48000044,4.0,1.0
1314367,18/08/2017,1210,30-34,F,111,113,114,665817.0,117,163.8000002,23.0,9.0
1314368,18/08/2017,1210,30-34,F,112,114,113,699232.0,80,111.9899995,12.0,3.0
1314371,18/08/2017,1210,35-39,F,100,103,102,72982.0,11,15.04999995,1.0,0.0
1314372,18/08/2017,1210,35-39,F,101,107,104,975884.0,167,237.3199975,14.0,3.0
1314373,18/08/2017,1210,35-39,F,102,106,103,245607.0,33,47.87999952,3.0,1.0
1314377,18/08/2017,1210,35-39,F,106,111,109,485369.0,114,164.6400015,3.0,0.0
1314378,18/08/2017,1210,35-39,F,107,111,112,866355.0,139,200.8299961,11.0,5.0
1314379,18/08/2017,1210,35-39,F,108,110,110,502710.0,72,105.2199969,8.0,2.0
1314380,18/08/2017,1210,35-39,F,109,114,111,475184.0,88,127.3200028,4.0,1.0
1314381,17/08/2017,1210,35-39,F,110,111,111,357401.0,47,68.67000008,8.0,1.0
1314382,17/08/2017,1210,35-39,F,111,114,112,99810.0,14,20.05000019,2.0,0.0
1314383,17/08/2017,1210,35-39,F,112,116,114,81569.0,6,9.409999967,3.0,1.0
1314384,17/08/2017,1210,35-39,F,113,115,114,441192.0,53,77.59999979,6.0,2.0
1314385,17/08/2017,1210,35-39,F,114,115,116,90470.0,11,16.73000002,1.0,1.0
1314386,17/08/2017,1210,40-44,F,100,102,102,834243.0,166,246.7499975,18.0,7.0
1314387,17/08/2017,1210,40-44,F,101,105,106,696612.0,152,223.1899948,31.0,9.0
1314388,17/08/2017,1210,40-44,F,102,103,106,329333.0,48,67.60999918,1.0,0.0
1314389,17/08/2017,1210,40-44,F,103,104,105,1114711.0,224,319.0000019,6.0,0.0
1314390,17/08/2017,1210,40-44,F,104,107,107,267316.0,58,82.92999887,3.0,0.0
1314391,19/08/2017,1210,40-44,F,105,109,106,228629.0,38,57.0,2.0,0.0
1314392,19/08/2017,1210,40-44,F,106,107,111,758340.0,159,233.110002,13.0,4.0
1314393,20/08/2017,1210,40-44,F,107,108,110,877535.0,149,217.7799966,5.0,2.0
1314394,20/08/2017,1210,40-44,F,108,113,112,1357386.0,223,323.0600071,10.0,1.0
1314395,20/08/2017,1210,40-44,F,109,115,115,280240.0,61,87.99000168,2.0,2.0
1314396,20/08/2017,1210,40-44,F,110,116,116,419922.0,75,105.4500008,3.0,1.0
1314397,20/08/2017,1210,40-44,F,111,116,115,402975.0,83,120.8999977,1.0,0.0
1314398,20/08/2017,1210,40-44,F,112,115,116,1137635.0,211,301.0499992,30.0,10.0
1314400,20/08/2017,1210,40-44,F,114,118,119,250234.0,40,62.31999922,4.0,1.0
1314401,20/08/2017,1210,45-49,F,100,106,101,904907.0,195,279.219995,11.0,1.0
1314402,20/08/2017,1210,45-49,F,101,105,105,589270.0,107,158.0500023,10.0,4.0
1314403,20/08/2017,1210,45-49,F,102,104,104,168714.0,24,36.01000071,2.0,2.0
1314404,19/08/2017,1210,45-49,F,103,105,104,71982.0,11,16.34000051,1.0,0.0
1314405,19/08/2017,1210,45-49,F,104,107,110,558666.0,110,162.6399975,14.0,5.0
1314406,19/08/2017,1210,45-49,F,105,106,109,1118200.0,235,333.7499943,11.0,4.0
1314407,19/08/2017,1210,45-49,F,106,112,108,107100.0,23,33.71000051,1.0,0.0
1314408,19/08/2017,1210,45-49,F,107,113,112,877769.0,160,232.5900005,13.0,4.0
1314409,19/08/2017,1210,45-49,F,108,112,112,212508.0,33,47.69000006,4.0,1.0
1314410,19/08/2017,1210,45-49,F,109,111,114,1129773.0,252,358.189997,13.0,2.0
1314411,19/08/2017,1210,45-49,F,110,111,116,637549.0,120,173.8800035,3.0,0.0
1314412,19/08/2017,1210,45-49,F,111,113,117,151531.0,28,40.28999949,2.0,0.0
1314414,17/08/2017,1210,45-49,F,113,114,117,790253.0,135,198.7100005,8.0,2.0
1314415,17/08/2017,1210,45-49,F,114,116,118,513161.0,114,165.6099987,5.0,2.0
